Name,Artists,Album,Release Date,popularity,danceability,energy,key,loudness,mode,speechiness,acousticness,instrumentalness,liveness,valence,tempo,type,id,uri,track_href,analysis_url,time_signature,Release Day,Release Month,Release Year,duration_minutes,Genre
"Cello Suite No. 1 in G Major, BWV 1007: I. Prélude",Johann Sebastian Bach,Bach: Unaccompanied Cello Suites (Remastered),1983-01-01,65,0.257,0.109,7,-21.356,1,0.0597,0.9,0.867,0.0762,0.307,75.02,audio_features,61dYvvfIRtIDFuqZypPAta,spotify:track:61dYvvfIRtIDFuqZypPAta,https://api.spotify.com/v1/tracks/61dYvvfIRtIDFuqZypPAta,https://api.spotify.com/v1/audio-analysis/61dYvvfIRtIDFuqZypPAta,4,1,1,1983,2.5246666666666666,Classical
I. Allegro non molto,Antonio Vivaldi,Vivaldi: The Four Seasons,2008-01-01,60,0.48,0.163,5,-19.117,0,0.0645,0.81,0.754,0.093,0.212,158.366,audio_features,64ZxBE1ZgK4C0lGljXzDcG,spotify:track:64ZxBE1ZgK4C0lGljXzDcG,https://api.spotify.com/v1/tracks/64ZxBE1ZgK4C0lGljXzDcG,https://api.spotify.com/v1/audio-analysis/64ZxBE1ZgK4C0lGljXzDcG,4,1,1,2008,3.40245,Classical
"Vivaldi: The Four Seasons, Violin Concerto in G Minor, Op. 8 No. 2, RV 315 ""Summer"": III. Presto",Antonio Vivaldi,Vivaldi: The Four Seasons,1989-09-25,58,0.362,0.569,7,-15.394,0,0.0345,0.876,0.91,0.327,0.746,148.692,audio_features,2nnXe7n3Vivs7OfQKRsfWD,spotify:track:2nnXe7n3Vivs7OfQKRsfWD,https://api.spotify.com/v1/tracks/2nnXe7n3Vivs7OfQKRsfWD,https://api.spotify.com/v1/audio-analysis/2nnXe7n3Vivs7OfQKRsfWD,3,25,9,1989,2.89045,Classical
"The Four Seasons, Violin Concerto No. 2 in G Minor, RV 315 ""L'estate"": III. Tempo impetuoso d'estate",Antonio Vivaldi,Vivaldi: The Four Seasons,1999-12-30,54,0.364,0.571,6,-15.596,1,0.0453,0.874,0.867,0.121,0.38,84.899,audio_features,0VQMAup2VdeQWLCvM14Uz2,spotify:track:0VQMAup2VdeQWLCvM14Uz2,https://api.spotify.com/v1/tracks/0VQMAup2VdeQWLCvM14Uz2,https://api.spotify.com/v1/audio-analysis/0VQMAup2VdeQWLCvM14Uz2,1,30,12,1999,2.5111166666666667,Classical
"Mozart: Fantasia in D Minor, K. 397",Wolfgang Amadeus Mozart,Mozart,2020-02-15,53,0.384,0.0494,2,-25.316,1,0.0548,0.994,0.908,0.0958,0.0785,125.261,audio_features,1O0XZAJf8fIN7wRgXffL0P,spotify:track:1O0XZAJf8fIN7wRgXffL0P,https://api.spotify.com/v1/tracks/1O0XZAJf8fIN7wRgXffL0P,https://api.spotify.com/v1/audio-analysis/1O0XZAJf8fIN7wRgXffL0P,4,15,2,2020,5.332883333333333,Classical
"Vivaldi: The Four Seasons, Violin Concerto in E Major, Op. 8 No. 1, RV 269 ""Spring"": I. Allegro",Antonio Vivaldi,Vivaldi: The Four Seasons,1985-01-01,52,0.468,0.162,4,-14.104,1,0.0387,0.952,0.97,0.106,0.434,105.306,audio_features,3RUBMVfbweULyfoVMXTOLV,spotify:track:3RUBMVfbweULyfoVMXTOLV,https://api.spotify.com/v1/tracks/3RUBMVfbweULyfoVMXTOLV,https://api.spotify.com/v1/audio-analysis/3RUBMVfbweULyfoVMXTOLV,4,1,1,1985,3.28045,Classical
"Vivaldi: The Four Seasons, Violin Concerto in F Minor, Op. 8 No. 4, RV 297 ""Winter"": I. Allegro non molto",Antonio Vivaldi,Vivaldi: The Four Seasons,1985-01-01,52,0.473,0.211,5,-15.487,0,0.0524,0.943,0.417,0.06,0.237,144.222,audio_features,0ON4FYmS4Zch1NV0lhv9hX,spotify:track:0ON4FYmS4Zch1NV0lhv9hX,https://api.spotify.com/v1/tracks/0ON4FYmS4Zch1NV0lhv9hX,https://api.spotify.com/v1/audio-analysis/0ON4FYmS4Zch1NV0lhv9hX,4,1,1,1985,3.6026666666666665,Classical
"Vivaldi: The Four Seasons, Violin Concerto in E Major, Op. 8 No. 1, RV 269 ""Spring"": II. Largo e pianissimo sempre",Antonio Vivaldi,Vivaldi: The Four Seasons,1985-01-01,49,0.2,0.0929,1,-25.396,0,0.0443,0.97,0.875,0.0875,0.0925,86.711,audio_features,7okHiZwiZD9nILstUvueqA,spotify:track:7okHiZwiZD9nILstUvueqA,https://api.spotify.com/v1/tracks/7okHiZwiZD9nILstUvueqA,https://api.spotify.com/v1/audio-analysis/7okHiZwiZD9nILstUvueqA,1,1,1,1985,3.2088833333333335,Classical
"Vivaldi: The Four Seasons, Violin Concerto in E Major, Op. 8 No. 1, RV 269 ""Spring"": III. Allegro",Antonio Vivaldi,Vivaldi: The Four Seasons,1985-01-01,49,0.324,0.137,4,-16.242,1,0.0361,0.939,0.878,0.263,0.302,101.014,audio_features,6cMvfWeDBdeE2UI3J6R019,spotify:track:6cMvfWeDBdeE2UI3J6R019,https://api.spotify.com/v1/tracks/6cMvfWeDBdeE2UI3J6R019,https://api.spotify.com/v1/audio-analysis/6cMvfWeDBdeE2UI3J6R019,4,1,1,1985,4.32955,Classical
"Vivaldi: The Four Seasons, Violin Concerto in G Minor, Op. 8 No. 2, RV 315 ""Summer"": I. Allegro non molto",Antonio Vivaldi,Vivaldi: The Four Seasons,1985-01-01,48,0.288,0.214,7,-16.417,0,0.0419,0.899,0.0424,0.0755,0.0949,135.721,audio_features,4nnfVtlchqAkxYSZzcQIYY,spotify:track:4nnfVtlchqAkxYSZzcQIYY,https://api.spotify.com/v1/tracks/4nnfVtlchqAkxYSZzcQIYY,https://api.spotify.com/v1/audio-analysis/4nnfVtlchqAkxYSZzcQIYY,5,1,1,1985,5.27,Classical
"Vivaldi: The Four Seasons, Violin Concerto in F Minor, Op. 8 No. 4, RV 297 ""Winter"": III. Allegro",Antonio Vivaldi,Vivaldi: The Four Seasons,1985-01-01,47,0.325,0.172,5,-17.397,0,0.0674,0.967,0.0338,0.388,0.389,95.477,audio_features,4pWmRSsBaWlSYwCJ7oDYOC,spotify:track:4pWmRSsBaWlSYwCJ7oDYOC,https://api.spotify.com/v1/tracks/4pWmRSsBaWlSYwCJ7oDYOC,https://api.spotify.com/v1/audio-analysis/4pWmRSsBaWlSYwCJ7oDYOC,4,1,1,1985,3.1488833333333335,Classical
"Vivaldi: The Four Seasons, Violin Concerto in G Minor, Op. 8 No. 2, RV 315 ""Summer"": II. Adagio",Antonio Vivaldi,Vivaldi: The Four Seasons,1985-01-01,47,0.191,0.113,7,-24.348,0,0.0541,0.919,0.165,0.166,0.0392,144.53,audio_features,3xC3qJ2BXNiUXqsiMPBJMz,spotify:track:3xC3qJ2BXNiUXqsiMPBJMz,https://api.spotify.com/v1/tracks/3xC3qJ2BXNiUXqsiMPBJMz,https://api.spotify.com/v1/audio-analysis/3xC3qJ2BXNiUXqsiMPBJMz,4,1,1,1985,2.58155,Classical
"Vivaldi: The Four Seasons, Violin Concerto in F Major, Op. 8 No. 3, RV 293 ""Autumn"": I. Allegro",Antonio Vivaldi,Vivaldi: The Four Seasons,1985-01-01,47,0.513,0.139,5,-15.703,1,0.0468,0.967,0.74,0.171,0.214,112.657,audio_features,28QJotQoD4XH5rV3vp5rsq,spotify:track:28QJotQoD4XH5rV3vp5rsq,https://api.spotify.com/v1/tracks/28QJotQoD4XH5rV3vp5rsq,https://api.spotify.com/v1/audio-analysis/28QJotQoD4XH5rV3vp5rsq,4,1,1,1985,4.933333333333334,Classical
"Mozart: Symphony No. 40 in G Minor, K. 550: I. Molto allegro",Wolfgang Amadeus Mozart,The Very Best of Mozart,2006-01-09,47,0.355,0.188,7,-18.089,0,0.0369,0.975,0.859,0.122,0.214,113.537,audio_features,6AZauFwqbjjBDryjVsNZ9f,spotify:track:6AZauFwqbjjBDryjVsNZ9f,https://api.spotify.com/v1/tracks/6AZauFwqbjjBDryjVsNZ9f,https://api.spotify.com/v1/audio-analysis/6AZauFwqbjjBDryjVsNZ9f,4,9,1,2006,7.2091,Classical
III. Presto,Antonio Vivaldi,Vivaldi: The Four Seasons,2008-01-01,46,0.377,0.351,7,-16.348,1,0.0406,0.901,0.852,0.202,0.399,152.483,audio_features,3Gz8ExGcRpnu8BSDzepQhy,spotify:track:3Gz8ExGcRpnu8BSDzepQhy,https://api.spotify.com/v1/tracks/3Gz8ExGcRpnu8BSDzepQhy,https://api.spotify.com/v1/audio-analysis/3Gz8ExGcRpnu8BSDzepQhy,3,1,1,2008,2.6851166666666666,Classical
"Vivaldi: The Four Seasons, Violin Concerto in F Major, Op. 8 No. 3, RV 293 ""Autumn"": III. Allegro ""La caccia""",Antonio Vivaldi,Vivaldi: The Four Seasons,1985-01-01,46,0.489,0.154,0,-16.575,1,0.0458,0.98,0.342,0.0657,0.378,154.45,audio_features,6Ydj1e7uC7QOUFZIrWMyNz,spotify:track:6Ydj1e7uC7QOUFZIrWMyNz,https://api.spotify.com/v1/tracks/6Ydj1e7uC7QOUFZIrWMyNz,https://api.spotify.com/v1/audio-analysis/6Ydj1e7uC7QOUFZIrWMyNz,3,1,1,1985,3.25445,Classical
"Violin Concerto No. 3 in F Major, RV 293 ""L'autunno"": I. Allegro",Antonio Vivaldi,Vivaldi: The Four Seasons,2004-08-01,46,0.463,0.155,5,-17.164,1,0.044,0.877,0.261,0.105,0.222,122.437,audio_features,1qpKMLztFXlRFSlGhjj1dZ,spotify:track:1qpKMLztFXlRFSlGhjj1dZ,https://api.spotify.com/v1/tracks/1qpKMLztFXlRFSlGhjj1dZ,https://api.spotify.com/v1/audio-analysis/1qpKMLztFXlRFSlGhjj1dZ,4,1,8,2004,5.028666666666667,Classical
"Vivaldi: The Four Seasons, Violin Concerto in F Minor, Op. 8 No. 4, RV 297 ""Winter"": II. Largo",Antonio Vivaldi,Vivaldi: The Four Seasons,1985-01-01,46,0.289,0.0983,10,-24.327,1,0.0476,0.935,0.506,0.107,0.283,63.964,audio_features,4LTGZ03qAt7ZQ1Pqk97vgZ,spotify:track:4LTGZ03qAt7ZQ1Pqk97vgZ,https://api.spotify.com/v1/tracks/4LTGZ03qAt7ZQ1Pqk97vgZ,https://api.spotify.com/v1/audio-analysis/4LTGZ03qAt7ZQ1Pqk97vgZ,4,1,1,1985,2.3722166666666666,Classical
"Vivaldi: The Four Seasons, Violin Concerto in F Major, Op. 8 No. 3, RV 293 ""Autumn"": II. Adagio molto",Antonio Vivaldi,Vivaldi: The Four Seasons,1985-01-01,45,0.13,0.0207,2,-34.218,1,0.0334,0.847,0.136,0.0941,0.0305,96.607,audio_features,0tq2e01bgaywLoL52p47YN,spotify:track:0tq2e01bgaywLoL52p47YN,https://api.spotify.com/v1/tracks/0tq2e01bgaywLoL52p47YN,https://api.spotify.com/v1/audio-analysis/0tq2e01bgaywLoL52p47YN,3,1,1,1985,2.97,Classical
"Mozart: Missa in C Minor, K. 427 ""Grosse Messe"": III. Et incarnatus est",Wolfgang Amadeus Mozart,The Very Best of Mozart,2006-01-09,44,0.212,0.0886,5,-22.804,1,0.0467,0.977,0.922,0.101,0.037,132.731,audio_features,0kWzMn4EaauAQOfNa6PAMy,spotify:track:0kWzMn4EaauAQOfNa6PAMy,https://api.spotify.com/v1/tracks/0kWzMn4EaauAQOfNa6PAMy,https://api.spotify.com/v1/audio-analysis/0kWzMn4EaauAQOfNa6PAMy,5,9,1,2006,8.721333333333334,Classical
"The Four Seasons, Violin Concerto in F Minor, Op. 8 No. 4, RV 297 ""Winter"": II. Largo",Antonio Vivaldi,Vivaldi: The Four Seasons,1988-01-01,44,0.222,0.0634,10,-26.68,1,0.0501,0.918,0.163,0.172,0.124,121.013,audio_features,5m9wnjpx5EL2hqYe2saEen,spotify:track:5m9wnjpx5EL2hqYe2saEen,https://api.spotify.com/v1/tracks/5m9wnjpx5EL2hqYe2saEen,https://api.spotify.com/v1/audio-analysis/5m9wnjpx5EL2hqYe2saEen,4,1,1,1988,2.29355,Classical
"Cello Suite No. 1 in G Major, BWV 1007: III. Courante",Johann Sebastian Bach,Bach: Unaccompanied Cello Suites (Remastered),1983-01-01,43,0.433,0.148,7,-21.72,1,0.0381,0.945,0.879,0.135,0.588,91.374,audio_features,70rlzUf9y1skkI3agyvbjg,spotify:track:70rlzUf9y1skkI3agyvbjg,https://api.spotify.com/v1/tracks/70rlzUf9y1skkI3agyvbjg,https://api.spotify.com/v1/audio-analysis/70rlzUf9y1skkI3agyvbjg,4,1,1,1983,2.44045,Classical
"Mozart: Piano Concerto No. 21 in C Major, K. 467: II. Andante",Wolfgang Amadeus Mozart,The Very Best of Mozart,2006-01-09,43,0.115,0.00931,5,-33.843,1,0.0375,0.977,0.971,0.103,0.0789,84.832,audio_features,2E0o1exe7ULQZlJe5QZAfM,spotify:track:2E0o1exe7ULQZlJe5QZAfM,https://api.spotify.com/v1/tracks/2E0o1exe7ULQZlJe5QZAfM,https://api.spotify.com/v1/audio-analysis/2E0o1exe7ULQZlJe5QZAfM,4,9,1,2006,7.8017,Classical
"Mozart: Don Giovanni, K. 527: Overture",Wolfgang Amadeus Mozart,The Very Best of Mozart,2006-01-09,42,0.345,0.1,2,-19.085,1,0.0407,0.949,0.879,0.121,0.205,131.717,audio_features,2v5G6Ou7c6t1RAkqWYTUKg,spotify:track:2v5G6Ou7c6t1RAkqWYTUKg,https://api.spotify.com/v1/tracks/2v5G6Ou7c6t1RAkqWYTUKg,https://api.spotify.com/v1/audio-analysis/2v5G6Ou7c6t1RAkqWYTUKg,4,9,1,2006,5.1962166666666665,Classical
"Cello Suite No. 1 in G Major, BWV 1007: VI. Gigue",Johann Sebastian Bach,Bach: Unaccompanied Cello Suites (Remastered),1983-01-01,42,0.353,0.141,7,-20.403,1,0.0555,0.934,0.885,0.153,0.742,126.815,audio_features,7BWwT75IPTKbHbxn4P6Bwm,spotify:track:7BWwT75IPTKbHbxn4P6Bwm,https://api.spotify.com/v1/tracks/7BWwT75IPTKbHbxn4P6Bwm,https://api.spotify.com/v1/audio-analysis/7BWwT75IPTKbHbxn4P6Bwm,3,1,1,1983,1.79955,Classical
"Cello Suite No. 1 in G Major, BWV 1007: V. Menuets I & II",Johann Sebastian Bach,Bach: Unaccompanied Cello Suites (Remastered),1983-01-01,42,0.315,0.0696,7,-23.285,1,0.0511,0.948,0.879,0.24,0.398,127.781,audio_features,4JXQV1LS3lw09MwCFFASso,spotify:track:4JXQV1LS3lw09MwCFFASso,https://api.spotify.com/v1/tracks/4JXQV1LS3lw09MwCFFASso,https://api.spotify.com/v1/audio-analysis/4JXQV1LS3lw09MwCFFASso,5,1,1,1983,3.09155,Classical
"Cello Suite No. 1 in G Major, BWV 1007: IV. Sarabande",Johann Sebastian Bach,Bach: Unaccompanied Cello Suites (Remastered),1983-01-01,42,0.113,0.0283,7,-24.87,1,0.0435,0.926,0.839,0.103,0.187,163.78,audio_features,7jOJwH4kze92qMREpVI4cr,spotify:track:7jOJwH4kze92qMREpVI4cr,https://api.spotify.com/v1/tracks/7jOJwH4kze92qMREpVI4cr,https://api.spotify.com/v1/audio-analysis/7jOJwH4kze92qMREpVI4cr,5,1,1,1983,2.9386666666666668,Classical
"The Four Seasons, Violin Concerto in G Minor, Op. 8 No. 2, RV 315 ""Summer"": III. Presto",Antonio Vivaldi,Vivaldi: The Four Seasons,1988-01-01,42,0.362,0.363,7,-18.632,1,0.0385,0.947,0.892,0.251,0.73,132.945,audio_features,7Jjy6UnjaQNgqGHnXt4ngp,spotify:track:7Jjy6UnjaQNgqGHnXt4ngp,https://api.spotify.com/v1/tracks/7Jjy6UnjaQNgqGHnXt4ngp,https://api.spotify.com/v1/audio-analysis/7Jjy6UnjaQNgqGHnXt4ngp,3,1,1,1988,2.9888833333333333,Classical
"Mozart: Violin Concerto No. 5 in A Major, K. 219 ""Turkish"": III. Rondeau. Tempo di menuetto",Wolfgang Amadeus Mozart,The Very Best of Mozart,2006-01-09,41,0.307,0.125,9,-18.943,1,0.063,0.97,0.209,0.119,0.263,73.052,audio_features,3KNDh589Mrytt8MUsd8vam,spotify:track:3KNDh589Mrytt8MUsd8vam,https://api.spotify.com/v1/tracks/3KNDh589Mrytt8MUsd8vam,https://api.spotify.com/v1/audio-analysis/3KNDh589Mrytt8MUsd8vam,4,9,1,2006,8.57955,Classical
"Cello Suite No. 1 in G Major, BWV 1007: II. Allemande",Johann Sebastian Bach,Bach: Unaccompanied Cello Suites (Remastered),1983-01-01,41,0.168,0.102,7,-22.484,1,0.0672,0.914,0.901,0.103,0.487,168.37,audio_features,1gs4pls8VN4StOUYSVG0nU,spotify:track:1gs4pls8VN4StOUYSVG0nU,https://api.spotify.com/v1/tracks/1gs4pls8VN4StOUYSVG0nU,https://api.spotify.com/v1/audio-analysis/1gs4pls8VN4StOUYSVG0nU,3,1,1,1983,3.7786666666666666,Classical
"Violin Concerto No. 1 in E Major, RV 269 ""La primavera"": I. Allegro",Antonio Vivaldi,Vivaldi: The Four Seasons,2004-08-01,40,0.454,0.19,4,-16.032,1,0.0477,0.748,0.659,0.195,0.145,105.397,audio_features,5XG44N2hyQns8V7XZHL9Ym,spotify:track:5XG44N2hyQns8V7XZHL9Ym,https://api.spotify.com/v1/tracks/5XG44N2hyQns8V7XZHL9Ym,https://api.spotify.com/v1/audio-analysis/5XG44N2hyQns8V7XZHL9Ym,4,1,8,2004,3.3331166666666667,Classical
"Mozart: Don Giovanni, K. 527, Act 1: Duettino. ""Là ci darem la mano"" (Don Giovanni, Zerlina)",Wolfgang Amadeus Mozart,The Very Best of Mozart,2006-01-09,40,0.351,0.107,4,-22.31,1,0.0571,0.983,0.0204,0.42,0.189,114.753,audio_features,1wsQQl4lrndkELnqon5NOg,spotify:track:1wsQQl4lrndkELnqon5NOg,https://api.spotify.com/v1/tracks/1wsQQl4lrndkELnqon5NOg,https://api.spotify.com/v1/audio-analysis/1wsQQl4lrndkELnqon5NOg,4,9,1,2006,2.67155,Classical
"Mozart: Le nozze di Figaro, K. 492, Act 1: Aria. ""Non più andrai, farfallone amoroso"" (Figaro)",Wolfgang Amadeus Mozart,The Very Best of Mozart,2006-01-09,40,0.586,0.235,7,-16.492,1,0.045,0.988,0.0102,0.12,0.499,65.639,audio_features,7DNda2o2JGBo46azgB87E2,spotify:track:7DNda2o2JGBo46azgB87E2,https://api.spotify.com/v1/tracks/7DNda2o2JGBo46azgB87E2,https://api.spotify.com/v1/audio-analysis/7DNda2o2JGBo46azgB87E2,4,9,1,2006,3.693783333333333,Classical
"Mozart: Don Giovanni, K. 527, Act 1: Aria. ""Fin ch'han dal vino"" (Don Giovanni)",Wolfgang Amadeus Mozart,The Very Best of Mozart,2006-01-09,40,0.643,0.431,10,-18.204,1,0.0487,0.975,0.255,0.0992,0.765,102.965,audio_features,1HFXxJrXS6K17gy6sUvOJ8,spotify:track:1HFXxJrXS6K17gy6sUvOJ8,https://api.spotify.com/v1/tracks/1HFXxJrXS6K17gy6sUvOJ8,https://api.spotify.com/v1/audio-analysis/1HFXxJrXS6K17gy6sUvOJ8,4,9,1,2006,1.66955,Classical
"Mozart: Le nozze di Figaro, K. 492: Sinfonia",Wolfgang Amadeus Mozart,The Very Best of Mozart,2006-01-09,40,0.318,0.182,2,-16.567,1,0.0356,0.976,0.821,0.105,0.349,153.926,audio_features,1iwTjEVqrInwliIyPyFPu6,spotify:track:1iwTjEVqrInwliIyPyFPu6,https://api.spotify.com/v1/tracks/1iwTjEVqrInwliIyPyFPu6,https://api.spotify.com/v1/audio-analysis/1iwTjEVqrInwliIyPyFPu6,4,9,1,2006,3.9711166666666666,Classical
"Mozart: Requiem in D Minor, K. 626: I. Introitus",Wolfgang Amadeus Mozart,The Very Best of Mozart,2006-01-09,39,0.155,0.13,10,-17.185,1,0.0358,0.981,0.82,0.0867,0.0379,94.777,audio_features,0u5ieBMe24NCBitVlhsIHF,spotify:track:0u5ieBMe24NCBitVlhsIHF,https://api.spotify.com/v1/tracks/0u5ieBMe24NCBitVlhsIHF,https://api.spotify.com/v1/audio-analysis/0u5ieBMe24NCBitVlhsIHF,4,9,1,2006,4.19755,Classical
"The Four Seasons, Op. 8 L'inverno ""Winter"": I. Allegro non molto",Antonio Vivaldi,Vivaldi: The Four Seasons,2016-10-18,39,0.447,0.221,5,-21.62,0,0.0605,0.802,0.486,0.332,0.384,152.825,audio_features,2n3oOqvFqEFNmu1AEbiv9T,spotify:track:2n3oOqvFqEFNmu1AEbiv9T,https://api.spotify.com/v1/tracks/2n3oOqvFqEFNmu1AEbiv9T,https://api.spotify.com/v1/audio-analysis/2n3oOqvFqEFNmu1AEbiv9T,4,18,10,2016,3.4216,Classical
"Mozart: Le nozze di Figaro, K. 492, Act 2: ""Voi, che sapete che cosa è amor"" (Cherubino)",Wolfgang Amadeus Mozart,The Very Best of Mozart,2006-01-09,39,0.331,0.0824,10,-21.924,1,0.0567,0.981,0.000357,0.216,0.0766,110.931,audio_features,4YVQtfxpbF408GlsOkiDnL,spotify:track:4YVQtfxpbF408GlsOkiDnL,https://api.spotify.com/v1/tracks/4YVQtfxpbF408GlsOkiDnL,https://api.spotify.com/v1/audio-analysis/4YVQtfxpbF408GlsOkiDnL,4,9,1,2006,2.93845,Classical
"Cello Suite No. 4 in E-Flat Major, BWV 1010: I. Prélude",Johann Sebastian Bach,Bach: Unaccompanied Cello Suites (Remastered),1983-01-01,39,0.231,0.0698,3,-25.044,1,0.0436,0.959,0.896,0.157,0.442,95.7,audio_features,0dDcSr2vBxvILNB8oTpI01,spotify:track:0dDcSr2vBxvILNB8oTpI01,https://api.spotify.com/v1/tracks/0dDcSr2vBxvILNB8oTpI01,https://api.spotify.com/v1/audio-analysis/0dDcSr2vBxvILNB8oTpI01,3,1,1,1983,4.846666666666667,Classical
"Mozart: Le nozze di Figaro, K. 492, Act 2 Scene 1: No. 10, Cavatina, ""Porgi, amor"" (Contessa)",Wolfgang Amadeus Mozart,The Very Best of Mozart,2006-01-09,38,0.261,0.0112,10,-29.035,1,0.0443,0.972,0.000107,0.122,0.0389,123.099,audio_features,7dOdKvYpyxdSGU9QxpT8GW,spotify:track:7dOdKvYpyxdSGU9QxpT8GW,https://api.spotify.com/v1/tracks/7dOdKvYpyxdSGU9QxpT8GW,https://api.spotify.com/v1/audio-analysis/7dOdKvYpyxdSGU9QxpT8GW,4,9,1,2006,3.313266666666667,Classical
"Mozart: Symphony No. 25 in G Minor, K. 183: I. Allegro con brio",Wolfgang Amadeus Mozart,The Very Best of Mozart,2006-01-09,38,0.383,0.224,7,-12.705,0,0.0352,0.979,0.915,0.307,0.289,85.046,audio_features,3X2QDxreuJ0qgZ4CpMZwcp,spotify:track:3X2QDxreuJ0qgZ4CpMZwcp,https://api.spotify.com/v1/tracks/3X2QDxreuJ0qgZ4CpMZwcp,https://api.spotify.com/v1/audio-analysis/3X2QDxreuJ0qgZ4CpMZwcp,4,9,1,2006,8.087166666666667,Classical
"Mozart: Requiem in D Minor, K. 626: II. Kyrie",Wolfgang Amadeus Mozart,The Very Best of Mozart,2006-01-09,38,0.327,0.295,2,-14.439,0,0.0314,0.987,0.817,0.112,0.339,99.446,audio_features,27l8THWxncE8MKBDpfPR1e,spotify:track:27l8THWxncE8MKBDpfPR1e,https://api.spotify.com/v1/tracks/27l8THWxncE8MKBDpfPR1e,https://api.spotify.com/v1/audio-analysis/27l8THWxncE8MKBDpfPR1e,4,9,1,2006,2.378216666666667,Classical
"Mozart: Requiem in D Minor, K. 626: VIII. Lacrimosa",Wolfgang Amadeus Mozart,The Very Best of Mozart,2006-01-09,38,0.125,0.0396,2,-21.986,0,0.0401,0.987,0.555,0.0762,0.0369,83.084,audio_features,3u9nY2tp9QcEVf7JVDBwsx,spotify:track:3u9nY2tp9QcEVf7JVDBwsx,https://api.spotify.com/v1/tracks/3u9nY2tp9QcEVf7JVDBwsx,https://api.spotify.com/v1/audio-analysis/3u9nY2tp9QcEVf7JVDBwsx,4,9,1,2006,3.268883333333333,Classical
"Mozart: Symphony No. 41 in C Major, K. 551 ""Jupiter"": IV. Molto allegro",Wolfgang Amadeus Mozart,The Very Best of Mozart,2006-01-09,38,0.329,0.435,0,-13.566,1,0.0354,0.947,0.937,0.102,0.409,142.504,audio_features,4oMa6vNVJWCmSTaIvmJ3oL,spotify:track:4oMa6vNVJWCmSTaIvmJ3oL,https://api.spotify.com/v1/tracks/4oMa6vNVJWCmSTaIvmJ3oL,https://api.spotify.com/v1/audio-analysis/4oMa6vNVJWCmSTaIvmJ3oL,4,9,1,2006,8.399783333333334,Classical
"Mozart: Piano Sonata No. 11 in A Major, Op. 6 No. 2, K. 331 ""Alla Turca"": III. Allegretto. Turkish March",Wolfgang Amadeus Mozart,The Very Best of Mozart,2006-01-09,37,0.541,0.136,9,-21.445,1,0.0442,0.991,0.935,0.11,0.454,123.924,audio_features,1jRCvttsFAHaFXEli2sGYd,spotify:track:1jRCvttsFAHaFXEli2sGYd,https://api.spotify.com/v1/tracks/1jRCvttsFAHaFXEli2sGYd,https://api.spotify.com/v1/audio-analysis/1jRCvttsFAHaFXEli2sGYd,4,9,1,2006,3.7136666666666667,Classical
"Violin Concerto No. 2 in G Minor, RV 315 ""L'estate"": III. Presto",Antonio Vivaldi,Vivaldi: The Four Seasons,2004-08-01,37,0.348,0.497,0,-13.667,0,0.039,0.765,0.852,0.223,0.385,152.123,audio_features,0Go4cVHryJLcpY2pZVkV3A,spotify:track:0Go4cVHryJLcpY2pZVkV3A,https://api.spotify.com/v1/tracks/0Go4cVHryJLcpY2pZVkV3A,https://api.spotify.com/v1/audio-analysis/0Go4cVHryJLcpY2pZVkV3A,3,1,8,2004,2.7006666666666668,Classical
"Cello Suite No. 4 in E-Flat Major, BWV 1010: V. Bourrées I & II",Johann Sebastian Bach,Bach: Unaccompanied Cello Suites (Remastered),1983-01-01,37,0.374,0.0428,3,-27.23,1,0.0441,0.967,0.831,0.166,0.618,138.02,audio_features,7pEmROhQAmH6xGjhlaMTEm,spotify:track:7pEmROhQAmH6xGjhlaMTEm,https://api.spotify.com/v1/tracks/7pEmROhQAmH6xGjhlaMTEm,https://api.spotify.com/v1/audio-analysis/7pEmROhQAmH6xGjhlaMTEm,4,1,1,1983,5.07045,Classical
"Cello Suite No. 5 in C Minor, BWV 1011: IV. Sarabande",Johann Sebastian Bach,Bach: Unaccompanied Cello Suites (Remastered),1983-01-01,37,0.0874,0.0169,0,-32.245,0,0.0478,0.937,0.773,0.108,0.05,85.068,audio_features,3TILjRV9ZYEEfJcF6Re3H4,spotify:track:3TILjRV9ZYEEfJcF6Re3H4,https://api.spotify.com/v1/tracks/3TILjRV9ZYEEfJcF6Re3H4,https://api.spotify.com/v1/audio-analysis/3TILjRV9ZYEEfJcF6Re3H4,1,1,1,1983,3.3053333333333335,Classical
"Mozart: Die Zauberflöte, K. 620, Act 2: ""Der Hölle Rache kocht in meinem Herzen"" (Queen of Night)",Wolfgang Amadeus Mozart,The Very Best of Mozart,2006-01-09,36,0.534,0.202,5,-15.721,1,0.0643,0.961,6.91e-05,0.149,0.16,74.42,audio_features,1kk6w82GvPM6F7LOPgGBN1,spotify:track:1kk6w82GvPM6F7LOPgGBN1,https://api.spotify.com/v1/tracks/1kk6w82GvPM6F7LOPgGBN1,https://api.spotify.com/v1/audio-analysis/1kk6w82GvPM6F7LOPgGBN1,4,9,1,2006,2.855783333333333,Classical
"Cello Suite No. 4 in E-Flat Major, BWV 1010: II. Allemande",Johann Sebastian Bach,Bach: Unaccompanied Cello Suites (Remastered),1983-01-01,36,0.264,0.0528,0,-27.094,0,0.0407,0.971,0.845,0.26,0.705,94.089,audio_features,3oPPgAxqczl1Hx0rBhtTDH,spotify:track:3oPPgAxqczl1Hx0rBhtTDH,https://api.spotify.com/v1/tracks/3oPPgAxqczl1Hx0rBhtTDH,https://api.spotify.com/v1/audio-analysis/3oPPgAxqczl1Hx0rBhtTDH,4,1,1,1983,3.8186666666666667,Classical
"Cello Suite No. 5 in C Minor, BWV 1011: I. Prélude",Johann Sebastian Bach,Bach: Unaccompanied Cello Suites (Remastered),1983-01-01,36,0.209,0.136,0,-22.566,0,0.0421,0.944,0.866,0.107,0.302,89.706,audio_features,7ekIYM7PEFS47LwMes5Y5g,spotify:track:7ekIYM7PEFS47LwMes5Y5g,https://api.spotify.com/v1/tracks/7ekIYM7PEFS47LwMes5Y5g,https://api.spotify.com/v1/audio-analysis/7ekIYM7PEFS47LwMes5Y5g,3,1,1,1983,6.305116666666667,Classical
"Cello Suite No. 4 in E-Flat Major, BWV 1010: III. Courante",Johann Sebastian Bach,Bach: Unaccompanied Cello Suites (Remastered),1983-01-01,36,0.338,0.0755,0,-25.833,0,0.0425,0.974,0.917,0.152,0.627,107.391,audio_features,2oSSC6Si36uySfMMhqN3Ck,spotify:track:2oSSC6Si36uySfMMhqN3Ck,https://api.spotify.com/v1/tracks/2oSSC6Si36uySfMMhqN3Ck,https://api.spotify.com/v1/audio-analysis/2oSSC6Si36uySfMMhqN3Ck,3,1,1,1983,3.703116666666667,Classical
"Violin Concerto No. 4 in F Minor, RV 297 ""L'inverno"": II. Largo",Antonio Vivaldi,Vivaldi: The Four Seasons,2004-08-01,36,0.314,0.21,5,-20.181,0,0.0552,0.902,0.272,0.311,0.223,98.585,audio_features,7weSbRxuFBK4RrMM8DwerY,spotify:track:7weSbRxuFBK4RrMM8DwerY,https://api.spotify.com/v1/tracks/7weSbRxuFBK4RrMM8DwerY,https://api.spotify.com/v1/audio-analysis/7weSbRxuFBK4RrMM8DwerY,4,1,8,2004,1.54645,Classical
"Mozart: Die Zauberflöte, K. 620, Act I: 'Der Vogelfänger bin ich ja'",Wolfgang Amadeus Mozart,The Very Best of Mozart,2006-01-09,36,0.616,0.276,2,-17.048,1,0.0804,0.972,0.000509,0.352,0.647,89.755,audio_features,3Y1htitAvBkC9qET6latgp,spotify:track:3Y1htitAvBkC9qET6latgp,https://api.spotify.com/v1/tracks/3Y1htitAvBkC9qET6latgp,https://api.spotify.com/v1/audio-analysis/3Y1htitAvBkC9qET6latgp,4,9,1,2006,1.9402166666666667,Classical
I. Allegro,Antonio Vivaldi,Vivaldi: The Four Seasons,2008-01-01,36,0.375,0.111,4,-17.324,1,0.0587,0.726,0.709,0.109,0.137,95.997,audio_features,7q1N1ch3W2vQknJPEX3FTC,spotify:track:7q1N1ch3W2vQknJPEX3FTC,https://api.spotify.com/v1/tracks/7q1N1ch3W2vQknJPEX3FTC,https://api.spotify.com/v1/audio-analysis/7q1N1ch3W2vQknJPEX3FTC,4,1,1,2008,3.5542166666666666,Classical
"Mozart: Die Zauberflöte, K. 620, Act 2: ""O Isis und Osiris"" (Sarastro, Chorus)",Wolfgang Amadeus Mozart,The Very Best of Mozart,2006-01-09,35,0.203,0.0799,5,-24.531,1,0.0379,0.974,0.742,0.0959,0.113,83.495,audio_features,2LkN0nuP2rBemhJRj9nB2v,spotify:track:2LkN0nuP2rBemhJRj9nB2v,https://api.spotify.com/v1/tracks/2LkN0nuP2rBemhJRj9nB2v,https://api.spotify.com/v1/audio-analysis/2LkN0nuP2rBemhJRj9nB2v,4,9,1,2006,3.207333333333333,Classical
"Mozart: Die Zauberflöte, K. 620, Act 2: ""Pa-pa-pa"" (Papageno, Papagena)",Wolfgang Amadeus Mozart,The Very Best of Mozart,2006-01-09,35,0.576,0.245,2,-18.124,1,0.0456,0.978,0.461,0.077,0.39,116.835,audio_features,6uVKvxIUxs4d3kZ9Bv8SjZ,spotify:track:6uVKvxIUxs4d3kZ9Bv8SjZ,https://api.spotify.com/v1/tracks/6uVKvxIUxs4d3kZ9Bv8SjZ,https://api.spotify.com/v1/audio-analysis/6uVKvxIUxs4d3kZ9Bv8SjZ,4,9,1,2006,2.3846666666666665,Classical
"Mozart: String Quartet No. 14 in G Major, Op. 10 No. 1, K. 387 ""Spring"": IV. Molto allegro",Wolfgang Amadeus Mozart,The Very Best of Mozart,2006-01-09,35,0.397,0.261,2,-13.484,1,0.0371,0.917,0.058,0.337,0.224,151.225,audio_features,24XmLTd6xj4LRc1xvgpmK3,spotify:track:24XmLTd6xj4LRc1xvgpmK3,https://api.spotify.com/v1/tracks/24XmLTd6xj4LRc1xvgpmK3,https://api.spotify.com/v1/audio-analysis/24XmLTd6xj4LRc1xvgpmK3,4,9,1,2006,7.718666666666667,Classical
"Mozart: Clarinet Quintet in A Major, K. 581 ""Stadler"": II. Larghetto",Wolfgang Amadeus Mozart,The Very Best of Mozart,2006-01-09,35,0.0793,0.0161,2,-27.789,1,0.0456,0.986,0.805,0.089,0.0685,79.445,audio_features,3wsK6r4kgQn8grgnzKX6Ze,spotify:track:3wsK6r4kgQn8grgnzKX6Ze,https://api.spotify.com/v1/tracks/3wsK6r4kgQn8grgnzKX6Ze,https://api.spotify.com/v1/audio-analysis/3wsK6r4kgQn8grgnzKX6Ze,4,9,1,2006,6.467116666666667,Classical
"Cello Suite No. 5 in C Minor, BWV 1011: III. Courante",Johann Sebastian Bach,Bach: Unaccompanied Cello Suites (Remastered),1983-01-01,35,0.242,0.0964,0,-23.005,0,0.0415,0.964,0.772,0.109,0.728,80.848,audio_features,7HMiAI8QmUWgm5gCWFNH9O,spotify:track:7HMiAI8QmUWgm5gCWFNH9O,https://api.spotify.com/v1/tracks/7HMiAI8QmUWgm5gCWFNH9O,https://api.spotify.com/v1/audio-analysis/7HMiAI8QmUWgm5gCWFNH9O,3,1,1,1983,1.934,Classical
"Mozart: Die Zauberflöte, K. 620, Act 1 Scene 6: No. 4, Rezitativ und Arie, ""O zittre nicht, mein lieber Sohn!"" (Königin der Nacht)",Wolfgang Amadeus Mozart,The Very Best of Mozart,2006-01-09,35,0.406,0.161,10,-16.038,1,0.048,0.976,0.00308,0.106,0.0782,120.605,audio_features,2GTFldbBdEljcNil9TGVg5,spotify:track:2GTFldbBdEljcNil9TGVg5,https://api.spotify.com/v1/tracks/2GTFldbBdEljcNil9TGVg5,https://api.spotify.com/v1/audio-analysis/2GTFldbBdEljcNil9TGVg5,4,9,1,2006,4.322,Classical
"Serenade No. 13 in G Major, K.525 'Eine kleine Nachtmusik': I. Allegro",Wolfgang Amadeus Mozart,The Very Best of Mozart,2006-01-09,35,0.382,0.226,7,-12.404,1,0.0406,0.975,0.936,0.113,0.394,143.369,audio_features,19i4kbNqiclqQ1aOzQ9aXX,spotify:track:19i4kbNqiclqQ1aOzQ9aXX,https://api.spotify.com/v1/tracks/19i4kbNqiclqQ1aOzQ9aXX,https://api.spotify.com/v1/audio-analysis/19i4kbNqiclqQ1aOzQ9aXX,4,9,1,2006,5.67955,Classical
"Cello Suite No. 5 in C Minor, BWV 1011: V. Gavottes I & II",Johann Sebastian Bach,Bach: Unaccompanied Cello Suites (Remastered),1983-01-01,35,0.386,0.0754,0,-26.107,0,0.0504,0.943,0.894,0.128,0.651,74.812,audio_features,45wXZS6elH1pyW5jMkYPrp,spotify:track:45wXZS6elH1pyW5jMkYPrp,https://api.spotify.com/v1/tracks/45wXZS6elH1pyW5jMkYPrp,https://api.spotify.com/v1/audio-analysis/45wXZS6elH1pyW5jMkYPrp,4,1,1,1983,4.249116666666667,Classical
"Cello Suite No. 5 in C Minor, BWV 1011: II. Allemande",Johann Sebastian Bach,Bach: Unaccompanied Cello Suites (Remastered),1983-01-01,35,0.103,0.0447,0,-26.235,0,0.045,0.943,0.918,0.0959,0.205,171.555,audio_features,4hB1M0RTIlrbC1DwA6XJ9Q,spotify:track:4hB1M0RTIlrbC1DwA6XJ9Q,https://api.spotify.com/v1/tracks/4hB1M0RTIlrbC1DwA6XJ9Q,https://api.spotify.com/v1/audio-analysis/4hB1M0RTIlrbC1DwA6XJ9Q,4,1,1,1983,5.371333333333333,Classical
"Cello Suite No. 4 in E-Flat Major, BWV 1010: IV. Sarabande",Johann Sebastian Bach,Bach: Unaccompanied Cello Suites (Remastered),1983-01-01,35,0.125,0.069,0,-26.712,0,0.0436,0.947,0.895,0.107,0.0836,96.061,audio_features,2Ayg18tDjY3l4ZDNN5vq6O,spotify:track:2Ayg18tDjY3l4ZDNN5vq6O,https://api.spotify.com/v1/tracks/2Ayg18tDjY3l4ZDNN5vq6O,https://api.spotify.com/v1/audio-analysis/2Ayg18tDjY3l4ZDNN5vq6O,4,1,1,1983,4.535116666666666,Classical
"Cello Suite No. 4 in E-Flat Major, BWV 1010: VI. Gigue",Johann Sebastian Bach,Bach: Unaccompanied Cello Suites (Remastered),1983-01-01,35,0.33,0.154,3,-24.64,1,0.0498,0.958,0.846,0.117,0.869,104.184,audio_features,2Y9HshitG2sK0LZjNHsVJC,spotify:track:2Y9HshitG2sK0LZjNHsVJC,https://api.spotify.com/v1/tracks/2Y9HshitG2sK0LZjNHsVJC,https://api.spotify.com/v1/audio-analysis/2Y9HshitG2sK0LZjNHsVJC,4,1,1,1983,2.55245,Classical
"Cello Suite No. 2 in D Minor, BWV 1008: I. Prélude",Johann Sebastian Bach,Bach: Unaccompanied Cello Suites (Remastered),1983-01-01,35,0.224,0.0452,2,-23.312,0,0.05,0.968,0.934,0.133,0.226,123.673,audio_features,5BSTDnS8drJLOwpL4Co4K2,spotify:track:5BSTDnS8drJLOwpL4Co4K2,https://api.spotify.com/v1/tracks/5BSTDnS8drJLOwpL4Co4K2,https://api.spotify.com/v1/audio-analysis/5BSTDnS8drJLOwpL4Co4K2,4,1,1,1983,4.058666666666666,Classical
"Mozart: Ave verum corpus, K. 618",Wolfgang Amadeus Mozart,The Very Best of Mozart,2006-01-09,35,0.178,0.139,9,-21.233,1,0.0409,0.983,0.915,0.11,0.0312,79.369,audio_features,33NMvddkvb9cmBqxqUJwto,spotify:track:33NMvddkvb9cmBqxqUJwto,https://api.spotify.com/v1/tracks/33NMvddkvb9cmBqxqUJwto,https://api.spotify.com/v1/audio-analysis/33NMvddkvb9cmBqxqUJwto,4,9,1,2006,2.696,Classical
II. Largo,Antonio Vivaldi,Vivaldi: The Four Seasons,2008-01-01,35,0.249,0.114,0,-24.382,1,0.0553,0.28,0.00957,0.116,0.0833,84.472,audio_features,1VIPloT2xEb9KExrtKHNoI,spotify:track:1VIPloT2xEb9KExrtKHNoI,https://api.spotify.com/v1/tracks/1VIPloT2xEb9KExrtKHNoI,https://api.spotify.com/v1/audio-analysis/1VIPloT2xEb9KExrtKHNoI,4,1,1,2008,1.8002166666666666,Classical
L'Inverno (Winter) Op. 8 No. 4 in F minor: I. Allegro,Antonio Vivaldi,Vivaldi: The Four Seasons,2019-10-25,35,0.41,0.438,5,-10.604,0,0.05,0.937,0.862,0.0789,0.236,81.369,audio_features,6T6TJW9A4shvXyhdB4Oc6f,spotify:track:6T6TJW9A4shvXyhdB4Oc6f,https://api.spotify.com/v1/tracks/6T6TJW9A4shvXyhdB4Oc6f,https://api.spotify.com/v1/audio-analysis/6T6TJW9A4shvXyhdB4Oc6f,4,25,10,2019,3.1542166666666667,Classical
"Cello Suite No. 5 in C Minor, BWV 1011: VI. Gigue",Johann Sebastian Bach,Bach: Unaccompanied Cello Suites (Remastered),1983-01-01,35,0.251,0.0668,3,-25.365,1,0.051,0.971,0.906,0.103,0.326,117.846,audio_features,1QnlHWGQfBbX9q7smtCtSq,spotify:track:1QnlHWGQfBbX9q7smtCtSq,https://api.spotify.com/v1/tracks/1QnlHWGQfBbX9q7smtCtSq,https://api.spotify.com/v1/audio-analysis/1QnlHWGQfBbX9q7smtCtSq,4,1,1,1983,2.5693333333333332,Classical
"Cello Suite No. 2 in D Minor, BWV 1008: IV. Sarabande",Johann Sebastian Bach,Bach: Unaccompanied Cello Suites (Remastered),1983-01-01,34,0.098,0.0653,5,-23.27,1,0.0456,0.923,0.847,0.114,0.0495,85.725,audio_features,1hzmdkWXise3bM612puWKi,spotify:track:1hzmdkWXise3bM612puWKi,https://api.spotify.com/v1/tracks/1hzmdkWXise3bM612puWKi,https://api.spotify.com/v1/audio-analysis/1hzmdkWXise3bM612puWKi,4,1,1,1983,4.70555,Classical
"Concerto for Violin and Strings in G minor, Op. 8, No. 2, R.315 ""L'estate"": 3. Presto (Tempo impetuoso d'estate)",Antonio Vivaldi,Vivaldi: The Four Seasons,1983-01-01,34,0.318,0.425,11,-15.371,0,0.037,0.802,0.0816,0.13,0.317,151.998,audio_features,6GymhFLiXdDcl5yLkKf6QF,spotify:track:6GymhFLiXdDcl5yLkKf6QF,https://api.spotify.com/v1/tracks/6GymhFLiXdDcl5yLkKf6QF,https://api.spotify.com/v1/audio-analysis/6GymhFLiXdDcl5yLkKf6QF,3,1,1,1983,2.6748833333333333,Classical
II. Largo e pianissimo sempre,Antonio Vivaldi,Vivaldi: The Four Seasons,2008-01-01,34,0.103,0.0561,1,-26.933,0,0.0553,0.972,0.00796,0.0882,0.0383,176.051,audio_features,6m7gqpEsdVpGL98AMczLz8,spotify:track:6m7gqpEsdVpGL98AMczLz8,https://api.spotify.com/v1/tracks/6m7gqpEsdVpGL98AMczLz8,https://api.spotify.com/v1/audio-analysis/6m7gqpEsdVpGL98AMczLz8,4,1,1,2008,2.5957833333333333,Classical
"Violin Concerto No. 1 in E Major, RV 269 ""La primavera"": II. Largo",Antonio Vivaldi,Vivaldi: The Four Seasons,2004-08-01,34,0.209,0.0559,9,-26.176,1,0.0373,0.937,0.0331,0.123,0.0617,89.542,audio_features,34E507l402WAubslmMGztT,spotify:track:34E507l402WAubslmMGztT,https://api.spotify.com/v1/tracks/34E507l402WAubslmMGztT,https://api.spotify.com/v1/audio-analysis/34E507l402WAubslmMGztT,5,1,8,2004,2.3888833333333332,Classical
"Mozart: Horn Concerto No. 4 in E-Flat Major, K. 495: III. Rondo. Allegro vivace",Wolfgang Amadeus Mozart,The Very Best of Mozart,2006-01-09,34,0.436,0.213,3,-16.202,1,0.0409,0.994,0.95,0.129,0.404,120.889,audio_features,164pitw74SXnGPe5jo4yvw,spotify:track:164pitw74SXnGPe5jo4yvw,https://api.spotify.com/v1/tracks/164pitw74SXnGPe5jo4yvw,https://api.spotify.com/v1/audio-analysis/164pitw74SXnGPe5jo4yvw,4,9,1,2006,3.8966666666666665,Classical
"Mozart: Concerto for Flute and Harp in C Major, K. 299/297c: II. Andantino",Wolfgang Amadeus Mozart,The Very Best of Mozart,2006-01-09,34,0.279,0.064,5,-24.606,1,0.0434,0.97,0.87,0.0996,0.139,101.18,audio_features,2Opx7Ght8NvRJWcatyUP4u,spotify:track:2Opx7Ght8NvRJWcatyUP4u,https://api.spotify.com/v1/tracks/2Opx7Ght8NvRJWcatyUP4u,https://api.spotify.com/v1/audio-analysis/2Opx7Ght8NvRJWcatyUP4u,4,9,1,2006,9.208666666666666,Classical
"Mozart: Das Butterbrot, K. Anh. 284n",Wolfgang Amadeus Mozart,The Very Best of Mozart,2006-01-09,34,0.581,0.0137,0,-33.046,1,0.0588,0.991,0.675,0.121,0.4,132.953,audio_features,0xRFuze7MTHWTuWqk2ueYQ,spotify:track:0xRFuze7MTHWTuWqk2ueYQ,https://api.spotify.com/v1/tracks/0xRFuze7MTHWTuWqk2ueYQ,https://api.spotify.com/v1/audio-analysis/0xRFuze7MTHWTuWqk2ueYQ,3,9,1,2006,1.2522166666666668,Classical
"Mozart: Die Entführung aus dem Serail, K. 384: Overture",Wolfgang Amadeus Mozart,The Very Best of Mozart,2006-01-09,34,0.218,0.247,7,-12.464,1,0.0411,0.878,0.465,0.0632,0.147,78.399,audio_features,4q42hGlghgqE6YG0tuDNoN,spotify:track:4q42hGlghgqE6YG0tuDNoN,https://api.spotify.com/v1/tracks/4q42hGlghgqE6YG0tuDNoN,https://api.spotify.com/v1/audio-analysis/4q42hGlghgqE6YG0tuDNoN,4,9,1,2006,5.71245,Classical
"Mozart: Mass No. 15 in C Major, K. 317 ""Coronation Mass"": II. Gloria",Wolfgang Amadeus Mozart,The Very Best of Mozart,2006-01-09,33,0.273,0.215,7,-16.485,1,0.0456,0.963,0.154,0.0878,0.122,139.523,audio_features,5wbPaxlx8bFIqaIQE0iLA2,spotify:track:5wbPaxlx8bFIqaIQE0iLA2,https://api.spotify.com/v1/tracks/5wbPaxlx8bFIqaIQE0iLA2,https://api.spotify.com/v1/audio-analysis/5wbPaxlx8bFIqaIQE0iLA2,3,9,1,2006,4.39555,Classical
"Cello Suite No. 2 in D Minor, BWV 1008: II. Allemande",Johann Sebastian Bach,Bach: Unaccompanied Cello Suites (Remastered),1983-01-01,33,0.168,0.0696,2,-23.192,0,0.0538,0.967,0.928,0.146,0.627,80.493,audio_features,5zlzCvtuUTEDWOTdqWlizb,spotify:track:5zlzCvtuUTEDWOTdqWlizb,https://api.spotify.com/v1/tracks/5zlzCvtuUTEDWOTdqWlizb,https://api.spotify.com/v1/audio-analysis/5zlzCvtuUTEDWOTdqWlizb,5,1,1,1983,3.1773333333333333,Classical
"Cello Suite No. 6 in D Major, BWV 1012: I. Prélude",Johann Sebastian Bach,Bach: Unaccompanied Cello Suites (Remastered),1983-01-01,32,0.293,0.177,2,-18.692,1,0.0604,0.982,0.628,0.12,0.733,105.462,audio_features,7j8Zvc4SWkmjohXxuraria,spotify:track:7j8Zvc4SWkmjohXxuraria,https://api.spotify.com/v1/tracks/7j8Zvc4SWkmjohXxuraria,https://api.spotify.com/v1/audio-analysis/7j8Zvc4SWkmjohXxuraria,4,1,1,1983,4.1946666666666665,Classical
"Cello Suite No. 2 in D Minor, BWV 1008: III. Courante",Johann Sebastian Bach,Bach: Unaccompanied Cello Suites (Remastered),1983-01-01,32,0.367,0.243,5,-21.065,1,0.0491,0.969,0.933,0.196,0.852,114.963,audio_features,3foD7uASyvlyCwIq2y9zxB,spotify:track:3foD7uASyvlyCwIq2y9zxB,https://api.spotify.com/v1/tracks/3foD7uASyvlyCwIq2y9zxB,https://api.spotify.com/v1/audio-analysis/3foD7uASyvlyCwIq2y9zxB,4,1,1,1983,1.80845,Classical
I. Allegro non moto,Antonio Vivaldi,Vivaldi: The Four Seasons,2008-01-01,32,0.312,0.126,7,-19.108,0,0.0452,0.756,0.0166,0.095,0.068,141.565,audio_features,70LhL1mjtYJfYnTvPVVStc,spotify:track:70LhL1mjtYJfYnTvPVVStc,https://api.spotify.com/v1/tracks/70LhL1mjtYJfYnTvPVVStc,https://api.spotify.com/v1/audio-analysis/70LhL1mjtYJfYnTvPVVStc,5,1,1,2008,5.429783333333333,Classical
"Cello Suite No. 2 in D Minor, BWV 1008: VI. Gigue",Johann Sebastian Bach,Bach: Unaccompanied Cello Suites (Remastered),1983-01-01,32,0.339,0.213,2,-20.642,0,0.0507,0.977,0.908,0.169,0.759,76.557,audio_features,5A00HKycJpzTqjo8f9RzkR,spotify:track:5A00HKycJpzTqjo8f9RzkR,https://api.spotify.com/v1/tracks/5A00HKycJpzTqjo8f9RzkR,https://api.spotify.com/v1/audio-analysis/5A00HKycJpzTqjo8f9RzkR,3,1,1,1983,2.2722166666666666,Classical
"Cello Suite No. 3 in C Major, BWV 1009: I. Prélude",Johann Sebastian Bach,Bach: Unaccompanied Cello Suites (Remastered),1983-01-01,32,0.263,0.139,0,-24.32,1,0.0416,0.925,0.863,0.255,0.439,95.047,audio_features,5LhmKtk4jyC1J7eOmJTNBO,spotify:track:5LhmKtk4jyC1J7eOmJTNBO,https://api.spotify.com/v1/tracks/5LhmKtk4jyC1J7eOmJTNBO,https://api.spotify.com/v1/audio-analysis/5LhmKtk4jyC1J7eOmJTNBO,3,1,1,1983,3.2328833333333336,Classical
"Cello Suite No. 3 in C Major, BWV 1009: V. Bourrées I & II",Johann Sebastian Bach,Bach: Unaccompanied Cello Suites (Remastered),1983-01-01,32,0.363,0.0565,0,-26.949,1,0.0501,0.949,0.91,0.122,0.56,83.807,audio_features,2smEq3BRk5JHBkBWFLupUr,spotify:track:2smEq3BRk5JHBkBWFLupUr,https://api.spotify.com/v1/tracks/2smEq3BRk5JHBkBWFLupUr,https://api.spotify.com/v1/audio-analysis/2smEq3BRk5JHBkBWFLupUr,4,1,1,1983,3.3866666666666667,Classical
"Cello Suite No. 6 in D Major, BWV 1012: II. Allemande",Johann Sebastian Bach,Bach: Unaccompanied Cello Suites (Remastered),1983-01-01,31,0.141,0.0516,2,-26.461,1,0.046,0.981,0.605,0.115,0.243,85.504,audio_features,3kCQjHGEzgy9JOqr6fgxDv,spotify:track:3kCQjHGEzgy9JOqr6fgxDv,https://api.spotify.com/v1/tracks/3kCQjHGEzgy9JOqr6fgxDv,https://api.spotify.com/v1/audio-analysis/3kCQjHGEzgy9JOqr6fgxDv,4,1,1,1983,7.032883333333333,Classical
"Cello Suite No. 6 in D Major, BWV 1012: III. Courante",Johann Sebastian Bach,Bach: Unaccompanied Cello Suites (Remastered),1983-01-01,31,0.377,0.106,2,-28.036,1,0.045,0.957,0.903,0.14,0.76,118.529,audio_features,1QSNIfsTBWNmQ2pplTD3xF,spotify:track:1QSNIfsTBWNmQ2pplTD3xF,https://api.spotify.com/v1/tracks/1QSNIfsTBWNmQ2pplTD3xF,https://api.spotify.com/v1/audio-analysis/1QSNIfsTBWNmQ2pplTD3xF,3,1,1,1983,3.7242166666666665,Classical
"Cello Suite No. 6 in D Major, BWV 1012: V. Gavottes I & II",Johann Sebastian Bach,Bach: Unaccompanied Cello Suites (Remastered),1983-01-01,31,0.434,0.0867,2,-22.613,1,0.0527,0.978,0.86,0.407,0.82,79.847,audio_features,4R4FvSsQcwvAha9z0rhkSC,spotify:track:4R4FvSsQcwvAha9z0rhkSC,https://api.spotify.com/v1/tracks/4R4FvSsQcwvAha9z0rhkSC,https://api.spotify.com/v1/audio-analysis/4R4FvSsQcwvAha9z0rhkSC,4,1,1,1983,3.469116666666667,Classical
"Cello Suite No. 2 in D Minor, BWV 1008: V. Menuets I & II",Johann Sebastian Bach,Bach: Unaccompanied Cello Suites (Remastered),1983-01-01,31,0.21,0.0794,5,-22.497,1,0.0528,0.98,0.748,0.108,0.419,66.628,audio_features,5jpgQbRi4tmOckoeF3v1ye,spotify:track:5jpgQbRi4tmOckoeF3v1ye,https://api.spotify.com/v1/tracks/5jpgQbRi4tmOckoeF3v1ye,https://api.spotify.com/v1/audio-analysis/5jpgQbRi4tmOckoeF3v1ye,4,1,1,1983,2.99755,Classical
"Cello Suite No. 3 in C Major, BWV 1009: II. Allemande",Johann Sebastian Bach,Bach: Unaccompanied Cello Suites (Remastered),1983-01-01,31,0.333,0.0793,0,-24.473,1,0.0414,0.931,0.866,0.174,0.558,56.213,audio_features,3iTDxBDvLKwQCKd7OIbNPK,spotify:track:3iTDxBDvLKwQCKd7OIbNPK,https://api.spotify.com/v1/tracks/3iTDxBDvLKwQCKd7OIbNPK,https://api.spotify.com/v1/audio-analysis/3iTDxBDvLKwQCKd7OIbNPK,4,1,1,1983,3.586883333333333,Classical
"Cello Suite No. 3 in C Major, BWV 1009: IV. Sarabande",Johann Sebastian Bach,Bach: Unaccompanied Cello Suites (Remastered),1983-01-01,31,0.12,0.0336,7,-26.624,1,0.0464,0.916,0.822,0.106,0.135,84.486,audio_features,5MvmCcMhBScIqli00VTblQ,spotify:track:5MvmCcMhBScIqli00VTblQ,https://api.spotify.com/v1/tracks/5MvmCcMhBScIqli00VTblQ,https://api.spotify.com/v1/audio-analysis/5MvmCcMhBScIqli00VTblQ,3,1,1,1983,3.7173333333333334,Classical
"Cello Suite No. 3 in C Major, BWV 1009: III. Courante",Johann Sebastian Bach,Bach: Unaccompanied Cello Suites (Remastered),1983-01-01,31,0.38,0.157,7,-24.751,1,0.0483,0.935,0.802,0.154,0.871,109.094,audio_features,2gKIaMUAXrVgjJBpxbPrSM,spotify:track:2gKIaMUAXrVgjJBpxbPrSM,https://api.spotify.com/v1/tracks/2gKIaMUAXrVgjJBpxbPrSM,https://api.spotify.com/v1/audio-analysis/2gKIaMUAXrVgjJBpxbPrSM,1,1,1,1983,2.4577833333333334,Classical
"Cello Suite No. 6 in D Major, BWV 1012: IV. Sarabande",Johann Sebastian Bach,Bach: Unaccompanied Cello Suites (Remastered),1983-01-01,31,0.142,0.0603,2,-25.089,1,0.045,0.971,0.82,0.107,0.107,97.955,audio_features,1X0ZNb4aZVPZhBrgWwJBJE,spotify:track:1X0ZNb4aZVPZhBrgWwJBJE,https://api.spotify.com/v1/tracks/1X0ZNb4aZVPZhBrgWwJBJE,https://api.spotify.com/v1/audio-analysis/1X0ZNb4aZVPZhBrgWwJBJE,4,1,1,1983,4.5171166666666664,Classical
"Cello Suite No. 3 in C Major, BWV 1009: VI. Gigue",Johann Sebastian Bach,Bach: Unaccompanied Cello Suites (Remastered),1983-01-01,30,0.359,0.18,7,-20.497,1,0.0417,0.947,0.823,0.218,0.538,111.766,audio_features,1M5hs1k7GLZU237dOqLdkH,spotify:track:1M5hs1k7GLZU237dOqLdkH,https://api.spotify.com/v1/tracks/1M5hs1k7GLZU237dOqLdkH,https://api.spotify.com/v1/audio-analysis/1M5hs1k7GLZU237dOqLdkH,3,1,1,1983,3.05445,Classical
"Cello Suite No. 6 in D Major, BWV 1012: VI. Gigue",Johann Sebastian Bach,Bach: Unaccompanied Cello Suites (Remastered),1983-01-01,30,0.423,0.0948,2,-22.659,1,0.0464,0.973,0.858,0.187,0.687,70.596,audio_features,0w9xYEvm1nd4S9v04zftup,spotify:track:0w9xYEvm1nd4S9v04zftup,https://api.spotify.com/v1/tracks/0w9xYEvm1nd4S9v04zftup,https://api.spotify.com/v1/audio-analysis/0w9xYEvm1nd4S9v04zftup,4,1,1,1983,3.904,Classical
"Symphony No. 9 in D Minor, Op. 125 ""Choral"": IV. Finale. Presto - Allegro ma non troppo - Vivace - Adagio cantabile",Ludwig van Beethoven,Beethoven: Symphonies Nos. 1-9,2006-09-12,11,0.191,0.15,2,-19.833,1,0.0516,0.954,0.0847,0.0815,0.0709,60.18,audio_features,1p4Ic5Kki8i2drXBDNukaw,spotify:track:1p4Ic5Kki8i2drXBDNukaw,https://api.spotify.com/v1/tracks/1p4Ic5Kki8i2drXBDNukaw,https://api.spotify.com/v1/audio-analysis/1p4Ic5Kki8i2drXBDNukaw,4,12,9,2006,24.55045,Classical
"Symphony No. 6 in F Major, Op. 68 ""Pastoral"": I. Erwachen heiterer Empfindungen bei der Ankunft auf dem Lande. Allegro ma non troppo",Ludwig van Beethoven,Beethoven: Symphonies Nos. 1-9,2006-09-12,11,0.339,0.0281,0,-24.326,1,0.0385,0.926,0.166,0.113,0.197,115.632,audio_features,2xpiUqkALHVvCcjtL1ZmYO,spotify:track:2xpiUqkALHVvCcjtL1ZmYO,https://api.spotify.com/v1/tracks/2xpiUqkALHVvCcjtL1ZmYO,https://api.spotify.com/v1/audio-analysis/2xpiUqkALHVvCcjtL1ZmYO,4,12,9,2006,11.657116666666667,Classical
"Symphony No. 4 in B-flat major, Op. 60: III. Allegro vivace",Ludwig van Beethoven,Beethoven: Symphonies Nos. 1-9,2006-09-12,7,0.333,0.015,10,-23.867,1,0.0372,0.968,0.816,0.203,0.216,72.322,audio_features,0jQM2Qxrv1io5UTMG19X5i,spotify:track:0jQM2Qxrv1io5UTMG19X5i,https://api.spotify.com/v1/tracks/0jQM2Qxrv1io5UTMG19X5i,https://api.spotify.com/v1/audio-analysis/0jQM2Qxrv1io5UTMG19X5i,4,12,9,2006,5.62755,Classical
"Symphony No. 1 in C Major, Op. 21: I. Adagio molto – Allegro con brio",Ludwig van Beethoven,Beethoven: Symphonies Nos. 1-9,2007-09-01,6,0.34,0.107,0,-21.158,1,0.0379,0.976,0.879,0.186,0.17,105.042,audio_features,1Fvv2pR0RnDbOwogMw5dAm,spotify:track:1Fvv2pR0RnDbOwogMw5dAm,https://api.spotify.com/v1/tracks/1Fvv2pR0RnDbOwogMw5dAm,https://api.spotify.com/v1/audio-analysis/1Fvv2pR0RnDbOwogMw5dAm,4,1,9,2007,8.739783333333333,Classical
"Beethoven: Symphony No. 7 in A Major, Op. 92: II. Allegretto",Ludwig van Beethoven,Beethoven: Symphonies Nos. 1-9,2020-11-20,4,0.249,0.0397,4,-20.598,0,0.0369,0.906,0.192,0.17,0.08,140.096,audio_features,3grZigVU2dsHzavrvKHEmR,spotify:track:3grZigVU2dsHzavrvKHEmR,https://api.spotify.com/v1/tracks/3grZigVU2dsHzavrvKHEmR,https://api.spotify.com/v1/audio-analysis/3grZigVU2dsHzavrvKHEmR,4,20,11,2020,8.735433333333333,Classical
"Symphony No. 4 in B-flat major, Op. 60: I. Adagio - Allegro vivace",Ludwig van Beethoven,Beethoven: Symphonies Nos. 1-9,2006-09-12,4,0.312,0.041,5,-21.998,1,0.0398,0.882,0.0948,0.112,0.161,141.026,audio_features,217Db2vg8GstTTmEVHbfnP,spotify:track:217Db2vg8GstTTmEVHbfnP,https://api.spotify.com/v1/tracks/217Db2vg8GstTTmEVHbfnP,https://api.spotify.com/v1/audio-analysis/217Db2vg8GstTTmEVHbfnP,4,12,9,2006,11.219333333333333,Classical
"Beethoven: Symphony No. 7 in A Major, Op. 92: I. Poco sostenuto - Vivace",Ludwig van Beethoven,Beethoven: Symphonies Nos. 1-9,2020-11-20,4,0.323,0.143,9,-15.654,1,0.0406,0.919,0.788,0.251,0.14,93.194,audio_features,16CEbJLAOxsCszOaFAj5an,spotify:track:16CEbJLAOxsCszOaFAj5an,https://api.spotify.com/v1/tracks/16CEbJLAOxsCszOaFAj5an,https://api.spotify.com/v1/audio-analysis/16CEbJLAOxsCszOaFAj5an,4,20,11,2020,12.927316666666666,Classical
"Beethoven: Symphony No. 3 in E-Flat Major, Op. 55 'Eroica': I. Allegro con brio",Ludwig van Beethoven,Beethoven: Symphonies Nos. 1-9,2020-11-20,3,0.304,0.0639,3,-22.203,1,0.0378,0.95,0.737,0.117,0.189,85.404,audio_features,407ILX7WUqpUrxmcOyzWLL,spotify:track:407ILX7WUqpUrxmcOyzWLL,https://api.spotify.com/v1/tracks/407ILX7WUqpUrxmcOyzWLL,https://api.spotify.com/v1/audio-analysis/407ILX7WUqpUrxmcOyzWLL,3,20,11,2020,14.9701,Classical
"Symphony No. 8 in F Major, Op. 93: II. Allegretto scherzando",Ludwig van Beethoven,Beethoven: Symphonies Nos. 1-9,2006-09-12,3,0.581,0.0188,10,-27.744,1,0.0365,0.941,0.0139,0.087,0.402,86.34,audio_features,0BLY2oN3buNc7ITujzBYF1,spotify:track:0BLY2oN3buNc7ITujzBYF1,https://api.spotify.com/v1/tracks/0BLY2oN3buNc7ITujzBYF1,https://api.spotify.com/v1/audio-analysis/0BLY2oN3buNc7ITujzBYF1,4,12,9,2006,3.88955,Classical
"Symphony No. 1 in C Major, Op. 21: III. Menuetto. Allegro molto e vivace",Ludwig van Beethoven,Beethoven: Symphonies Nos. 1-9,2007-09-01,3,0.455,0.162,0,-21.271,1,0.0908,0.974,0.83,0.116,0.286,116.085,audio_features,0JuT5XSeIDaG0zI3NXarXD,spotify:track:0JuT5XSeIDaG0zI3NXarXD,https://api.spotify.com/v1/tracks/0JuT5XSeIDaG0zI3NXarXD,https://api.spotify.com/v1/audio-analysis/0JuT5XSeIDaG0zI3NXarXD,4,1,9,2007,4.037333333333334,Classical
"Symphony No. 1 in C Major, Op. 21: II. Andante cantabile con moto",Ludwig van Beethoven,Beethoven: Symphonies Nos. 1-9,2007-09-01,3,0.302,0.016,0,-27.157,1,0.0443,0.981,0.385,0.0455,0.0966,103.607,audio_features,6pIkLjyzD8g7nsrNrmhEko,spotify:track:6pIkLjyzD8g7nsrNrmhEko,https://api.spotify.com/v1/tracks/6pIkLjyzD8g7nsrNrmhEko,https://api.spotify.com/v1/audio-analysis/6pIkLjyzD8g7nsrNrmhEko,3,1,9,2007,7.644,Classical
"Symphony No. 4 in B-flat major, Op. 60: II. Adagio",Ludwig van Beethoven,Beethoven: Symphonies Nos. 1-9,2006-09-12,3,0.211,0.00674,3,-28.657,1,0.0368,0.943,0.114,0.0734,0.123,72.262,audio_features,67OHgbTpXtOjnkIJ5ZuofI,spotify:track:67OHgbTpXtOjnkIJ5ZuofI,https://api.spotify.com/v1/tracks/67OHgbTpXtOjnkIJ5ZuofI,https://api.spotify.com/v1/audio-analysis/67OHgbTpXtOjnkIJ5ZuofI,4,12,9,2006,9.041333333333334,Classical
"Symphony No. 4 in B-flat major, Op. 60: IV. Allegro ma non troppo",Ludwig van Beethoven,Beethoven: Symphonies Nos. 1-9,2006-09-12,3,0.391,0.11,5,-22.557,1,0.0391,0.936,0.809,0.193,0.406,146.118,audio_features,4weYFV1plui4NoRdYL7djk,spotify:track:4weYFV1plui4NoRdYL7djk,https://api.spotify.com/v1/tracks/4weYFV1plui4NoRdYL7djk,https://api.spotify.com/v1/audio-analysis/4weYFV1plui4NoRdYL7djk,4,12,9,2006,6.64245,Classical
"Sinfonia Concertante for Violin, Viola and Orchestra in E-Flat Major, K. 364: 2. Andante",Wolfgang Amadeus Mozart,The Very Best of Mozart,2011-06-24,3,0.153,0.333,0,-16.785,0,0.0405,0.875,0.596,0.291,0.22,87.429,audio_features,0qinKVJQSTxjxXxPn6miMQ,spotify:track:0qinKVJQSTxjxXxPn6miMQ,https://api.spotify.com/v1/tracks/0qinKVJQSTxjxXxPn6miMQ,https://api.spotify.com/v1/audio-analysis/0qinKVJQSTxjxXxPn6miMQ,3,24,6,2011,10.216,Classical
"Symphony No. 5 in C Minor, Op. 67: I. Allegro con brio",Ludwig van Beethoven,Beethoven: Symphonies Nos. 1-9,2006-09-12,3,0.351,0.143,0,-19.0,0,0.0423,0.953,0.856,0.0829,0.187,91.691,audio_features,5lSn7UzUrJyRbPCQLxd4aA,spotify:track:5lSn7UzUrJyRbPCQLxd4aA,https://api.spotify.com/v1/tracks/5lSn7UzUrJyRbPCQLxd4aA,https://api.spotify.com/v1/audio-analysis/5lSn7UzUrJyRbPCQLxd4aA,4,12,9,2006,7.586883333333334,Classical
"Symphony No. 3 in E-Flat Major, Op. 55 ""Eroica"": I. Allegro con brio",Ludwig van Beethoven,Beethoven: Symphonies Nos. 1-9,2006-09-12,3,0.298,0.0539,3,-20.257,1,0.0392,0.936,0.744,0.0996,0.19,145.906,audio_features,26bw9Fj27Y7RvxDqjjLOc4,spotify:track:26bw9Fj27Y7RvxDqjjLOc4,https://api.spotify.com/v1/tracks/26bw9Fj27Y7RvxDqjjLOc4,https://api.spotify.com/v1/audio-analysis/26bw9Fj27Y7RvxDqjjLOc4,3,12,9,2006,17.82555,Classical
"Beethoven: Symphony No. 5 in C Minor, Op. 67: IV. Allegro",Ludwig van Beethoven,Beethoven: Symphonies Nos. 1-9,2020-11-20,2,0.306,0.309,0,-16.882,1,0.0403,0.887,0.829,0.7,0.283,82.776,audio_features,0sADCsJXtJcmdg3kXdZcs0,spotify:track:0sADCsJXtJcmdg3kXdZcs0,https://api.spotify.com/v1/tracks/0sADCsJXtJcmdg3kXdZcs0,https://api.spotify.com/v1/audio-analysis/0sADCsJXtJcmdg3kXdZcs0,4,20,11,2020,11.44675,Classical
"Symphony No. 9 in D Minor, Op. 125 ""Choral"": I. Allegro ma non troppo, un poco maestoso",Ludwig van Beethoven,Beethoven: Symphonies Nos. 1-9,2006-09-12,2,0.302,0.0461,7,-23.268,0,0.0347,0.945,0.805,0.0533,0.157,72.201,audio_features,2Ced1H4l0q1DXkGnSopjRH,spotify:track:2Ced1H4l0q1DXkGnSopjRH,https://api.spotify.com/v1/tracks/2Ced1H4l0q1DXkGnSopjRH,https://api.spotify.com/v1/audio-analysis/2Ced1H4l0q1DXkGnSopjRH,4,12,9,2006,15.597333333333333,Classical
"Beethoven: Symphony No. 9 in D Minor, Op. 125 'Choral': I. Allegro ma non troppo, un poco maestoso",Ludwig van Beethoven,Beethoven: Symphonies Nos. 1-9,2020-11-20,2,0.154,0.0692,10,-22.149,1,0.0395,0.914,0.89,0.105,0.1,69.898,audio_features,6ITqMEIapf56PaxkwCYDE6,spotify:track:6ITqMEIapf56PaxkwCYDE6,https://api.spotify.com/v1/tracks/6ITqMEIapf56PaxkwCYDE6,https://api.spotify.com/v1/audio-analysis/6ITqMEIapf56PaxkwCYDE6,4,20,11,2020,16.700566666666667,Classical
"Symphony No. 1 in C Major, Op. 21: III. Menuetto & Trio. Allegro molto e vivace",Ludwig van Beethoven,Beethoven: Symphonies Nos. 1-9,2006-09-12,2,0.477,0.121,0,-24.106,1,0.105,0.927,0.31,0.0671,0.378,112.996,audio_features,2EB12f0p8puGaznhM12QFR,spotify:track:2EB12f0p8puGaznhM12QFR,https://api.spotify.com/v1/tracks/2EB12f0p8puGaznhM12QFR,https://api.spotify.com/v1/audio-analysis/2EB12f0p8puGaznhM12QFR,4,12,9,2006,3.3211166666666667,Classical
"Symphony No. 6 in F Major, Op. 68 ""Pastoral"": II. Szene am Bach. Andante molto mosso",Ludwig van Beethoven,Beethoven: Symphonies Nos. 1-9,2006-09-12,2,0.0989,0.0101,5,-32.458,1,0.0444,0.978,0.758,0.0843,0.108,80.334,audio_features,2qJ1tEl7geWrmUyDWsCVBK,spotify:track:2qJ1tEl7geWrmUyDWsCVBK,https://api.spotify.com/v1/tracks/2qJ1tEl7geWrmUyDWsCVBK,https://api.spotify.com/v1/audio-analysis/2qJ1tEl7geWrmUyDWsCVBK,4,12,9,2006,11.805333333333333,Classical
"Beethoven: Symphony No. 3 in E-Flat Major, Op. 55 'Eroica': II. Marcia funebre. Adagio assai",Ludwig van Beethoven,Beethoven: Symphonies Nos. 1-9,2020-11-20,2,0.105,0.0212,0,-25.385,0,0.0443,0.95,0.313,0.283,0.0387,71.425,audio_features,1ZvDlphAbDA454KJkIwTRN,spotify:track:1ZvDlphAbDA454KJkIwTRN,https://api.spotify.com/v1/tracks/1ZvDlphAbDA454KJkIwTRN,https://api.spotify.com/v1/audio-analysis/1ZvDlphAbDA454KJkIwTRN,4,20,11,2020,14.4352,Classical
"Symphony No. 1 in C Major, Op. 21: IV. Finale. Adagio – Allegro molto e vivace",Ludwig van Beethoven,Beethoven: Symphonies Nos. 1-9,2007-09-01,2,0.515,0.172,0,-20.752,1,0.0637,0.968,0.67,0.129,0.342,77.21,audio_features,2AxPP3lNHpAJ0xjd1hlAtF,spotify:track:2AxPP3lNHpAJ0xjd1hlAtF,https://api.spotify.com/v1/tracks/2AxPP3lNHpAJ0xjd1hlAtF,https://api.spotify.com/v1/audio-analysis/2AxPP3lNHpAJ0xjd1hlAtF,4,1,9,2007,5.75,Classical
"Symphony No. 8 in F major, Op. 93: III. Tempo di menuetto",Ludwig van Beethoven,Beethoven: Symphonies Nos. 1-9,2006-09-12,2,0.288,0.029,0,-24.019,1,0.0393,0.976,0.714,0.0997,0.29,126.792,audio_features,0fAamuYAzSWa90orYy7MIL,spotify:track:0fAamuYAzSWa90orYy7MIL,https://api.spotify.com/v1/tracks/0fAamuYAzSWa90orYy7MIL,https://api.spotify.com/v1/audio-analysis/0fAamuYAzSWa90orYy7MIL,3,12,9,2006,4.395783333333333,Classical
"Symphony No. 2 in D Major, Op. 36: I. Adagio molto – Allegro con brio",Ludwig van Beethoven,Beethoven: Symphonies Nos. 1-9,2007-09-01,2,0.299,0.149,2,-17.875,1,0.0357,0.964,0.92,0.215,0.158,92.26,audio_features,3UtjWVDSRVE2isPaAE9Wqu,spotify:track:3UtjWVDSRVE2isPaAE9Wqu,https://api.spotify.com/v1/tracks/3UtjWVDSRVE2isPaAE9Wqu,https://api.spotify.com/v1/audio-analysis/3UtjWVDSRVE2isPaAE9Wqu,4,1,9,2007,12.192,Classical
"Beethoven: Symphony No. 3 in E-Flat Major, Op. 55 'Eroica': III. Scherzo. Allegro vivace",Ludwig van Beethoven,Beethoven: Symphonies Nos. 1-9,2020-11-20,2,0.416,0.182,3,-23.0,1,0.0545,0.944,0.859,0.092,0.38,122.389,audio_features,4JDt5l5gWdNJ2X1oXeDeBC,spotify:track:4JDt5l5gWdNJ2X1oXeDeBC,https://api.spotify.com/v1/tracks/4JDt5l5gWdNJ2X1oXeDeBC,https://api.spotify.com/v1/audio-analysis/4JDt5l5gWdNJ2X1oXeDeBC,4,20,11,2020,5.33245,Classical
"Symphony No. 7 in A Major, Op. 92: II. Allegretto",Ludwig van Beethoven,Beethoven: Symphonies Nos. 1-9,2006-09-12,2,0.145,0.00851,4,-29.876,0,0.0378,0.886,0.105,0.0766,0.0647,71.443,audio_features,5oJx7o0ziQ7uINl9fR1d0C,spotify:track:5oJx7o0ziQ7uINl9fR1d0C,https://api.spotify.com/v1/tracks/5oJx7o0ziQ7uINl9fR1d0C,https://api.spotify.com/v1/audio-analysis/5oJx7o0ziQ7uINl9fR1d0C,4,12,9,2006,7.689333333333333,Classical
"Symphony No. 2 in D Major, Op. 36: IV. Allegro molto",Ludwig van Beethoven,Beethoven: Symphonies Nos. 1-9,2007-09-01,2,0.348,0.137,2,-18.691,1,0.0388,0.944,0.817,0.268,0.22,75.282,audio_features,2Xw2EPv7Gwum9jxZc76JvU,spotify:track:2Xw2EPv7Gwum9jxZc76JvU,https://api.spotify.com/v1/tracks/2Xw2EPv7Gwum9jxZc76JvU,https://api.spotify.com/v1/audio-analysis/2Xw2EPv7Gwum9jxZc76JvU,4,1,9,2007,6.2026666666666666,Classical
"Symphony No. 1 in C Major, Op. 21: I. Adagio molto - Allegro con brio",Ludwig van Beethoven,Beethoven: Symphonies Nos. 1-9,2006-09-12,2,0.287,0.0355,0,-24.837,1,0.0361,0.929,0.683,0.0765,0.22,92.589,audio_features,6ZrXK9ifBNTnL5QdPszi5s,spotify:track:6ZrXK9ifBNTnL5QdPszi5s,https://api.spotify.com/v1/tracks/6ZrXK9ifBNTnL5QdPszi5s,https://api.spotify.com/v1/audio-analysis/6ZrXK9ifBNTnL5QdPszi5s,4,12,9,2006,9.671333333333333,Classical
"Symphony No. 1 in C Major, Op. 21: IV. Adagio - Allegro molto e vivace",Ludwig van Beethoven,Beethoven: Symphonies Nos. 1-9,2006-09-12,2,0.49,0.125,0,-23.265,1,0.0649,0.852,0.0655,0.0933,0.44,76.399,audio_features,7Gp8oY4XRQTN4jlzZVO1Aw,spotify:track:7Gp8oY4XRQTN4jlzZVO1Aw,https://api.spotify.com/v1/tracks/7Gp8oY4XRQTN4jlzZVO1Aw,https://api.spotify.com/v1/audio-analysis/7Gp8oY4XRQTN4jlzZVO1Aw,4,12,9,2006,5.751883333333334,Classical
"Symphony No. 5 in C Minor, Op. 67: IV. Allegro",Ludwig van Beethoven,Beethoven: Symphonies Nos. 1-9,2006-09-12,2,0.329,0.256,0,-16.556,1,0.0342,0.941,0.832,0.171,0.335,90.642,audio_features,6PDfeHuyiHK1vBzrw8LdwE,spotify:track:6PDfeHuyiHK1vBzrw8LdwE,https://api.spotify.com/v1/tracks/6PDfeHuyiHK1vBzrw8LdwE,https://api.spotify.com/v1/audio-analysis/6PDfeHuyiHK1vBzrw8LdwE,4,12,9,2006,10.306666666666667,Classical
"Symphony No. 7 in A Major, Op. 92: I. Poco sostenuto - Vivace",Ludwig van Beethoven,Beethoven: Symphonies Nos. 1-9,2006-09-12,2,0.365,0.0876,9,-21.806,1,0.0483,0.928,0.529,0.222,0.135,105.652,audio_features,77zqk1HhnzBa7fxMkOiDGV,spotify:track:77zqk1HhnzBa7fxMkOiDGV,https://api.spotify.com/v1/tracks/77zqk1HhnzBa7fxMkOiDGV,https://api.spotify.com/v1/audio-analysis/77zqk1HhnzBa7fxMkOiDGV,4,12,9,2006,13.414,Classical
"Beethoven: Symphony No. 1 in C Major, Op. 21: II. Andante cantabile con moto",Ludwig van Beethoven,Beethoven: Symphonies Nos. 1-9,2020-11-20,2,0.334,0.0276,0,-26.573,1,0.044,0.961,0.0931,0.137,0.157,113.596,audio_features,4K3RsWjQn7flZllf3seUn6,spotify:track:4K3RsWjQn7flZllf3seUn6,https://api.spotify.com/v1/tracks/4K3RsWjQn7flZllf3seUn6,https://api.spotify.com/v1/audio-analysis/4K3RsWjQn7flZllf3seUn6,3,20,11,2020,6.87575,Classical
"Three German Dances, K. 605",Wolfgang Amadeus Mozart,The Very Best of Mozart,2011-06-24,2,0.367,0.252,7,-9.984,1,0.0349,0.739,0.227,0.281,0.33,140.476,audio_features,7joNPfrvjPL7UQtZZHLWFb,spotify:track:7joNPfrvjPL7UQtZZHLWFb,https://api.spotify.com/v1/tracks/7joNPfrvjPL7UQtZZHLWFb,https://api.spotify.com/v1/audio-analysis/7joNPfrvjPL7UQtZZHLWFb,3,24,6,2011,7.064,Classical
"Beethoven: Symphony No. 9 in D Minor, Op. 125 'Choral': II. Molto vivace",Ludwig van Beethoven,Beethoven: Symphonies Nos. 1-9,2020-11-20,2,0.341,0.156,2,-23.735,0,0.0403,0.927,0.799,0.0926,0.27,108.999,audio_features,5pNoDIdGLXCejcCJ4JyzR7,spotify:track:5pNoDIdGLXCejcCJ4JyzR7,https://api.spotify.com/v1/tracks/5pNoDIdGLXCejcCJ4JyzR7,https://api.spotify.com/v1/audio-analysis/5pNoDIdGLXCejcCJ4JyzR7,4,20,11,2020,14.437583333333333,Classical
"Beethoven: Symphony No. 5 in C Minor, Op. 67: I. Allegro con brio",Ludwig van Beethoven,Beethoven: Symphonies Nos. 1-9,2020-11-20,2,0.349,0.23,0,-18.853,0,0.0478,0.942,0.889,0.171,0.179,95.577,audio_features,64YKF7UJc1p5BUfyD5PJYu,spotify:track:64YKF7UJc1p5BUfyD5PJYu,https://api.spotify.com/v1/tracks/64YKF7UJc1p5BUfyD5PJYu,https://api.spotify.com/v1/audio-analysis/64YKF7UJc1p5BUfyD5PJYu,4,20,11,2020,7.2834,Classical
"Beethoven: Symphony No. 7 in A Major, Op. 92: IV. Allegro con brio",Ludwig van Beethoven,Beethoven: Symphonies Nos. 1-9,2020-11-20,2,0.329,0.405,9,-14.654,1,0.116,0.85,0.945,0.931,0.398,143.87,audio_features,1irIwxTuhQUySXzUtnt4S7,spotify:track:1irIwxTuhQUySXzUtnt4S7,https://api.spotify.com/v1/tracks/1irIwxTuhQUySXzUtnt4S7,https://api.spotify.com/v1/audio-analysis/1irIwxTuhQUySXzUtnt4S7,4,20,11,2020,7.443233333333334,Classical
"Beethoven: Symphony No. 5 in C Minor, Op. 67: II. Andante con moto",Ludwig van Beethoven,Beethoven: Symphonies Nos. 1-9,2020-11-20,2,0.163,0.0229,8,-23.076,1,0.0371,0.946,0.375,0.0837,0.0397,78.12,audio_features,5U4YRrp4cLNRcuiX307tGU,spotify:track:5U4YRrp4cLNRcuiX307tGU,https://api.spotify.com/v1/tracks/5U4YRrp4cLNRcuiX307tGU,https://api.spotify.com/v1/audio-analysis/5U4YRrp4cLNRcuiX307tGU,3,20,11,2020,10.04495,Classical
"Symphony No. 3 in E-Flat Major, Op. 55 ""Eroica"": II. Marcia funebre. Adagio assai",Ludwig van Beethoven,Beethoven: Symphonies Nos. 1-9,2006-09-12,2,0.208,0.0168,0,-24.406,0,0.0445,0.939,0.394,0.14,0.0388,135.698,audio_features,0iIzpXvBVJ5nDuDiA5B2NJ,spotify:track:0iIzpXvBVJ5nDuDiA5B2NJ,https://api.spotify.com/v1/tracks/0iIzpXvBVJ5nDuDiA5B2NJ,https://api.spotify.com/v1/audio-analysis/0iIzpXvBVJ5nDuDiA5B2NJ,4,12,9,2006,14.369783333333332,Classical
"Symphony No. 5 in C Minor, Op. 67: II. Andante con moto",Ludwig van Beethoven,Beethoven: Symphonies Nos. 1-9,2006-09-12,2,0.164,0.0114,8,-23.199,1,0.0405,0.956,0.379,0.0803,0.0764,88.197,audio_features,4kpZ2tL2MutZLhN8NFdyQR,spotify:track:4kpZ2tL2MutZLhN8NFdyQR,https://api.spotify.com/v1/tracks/4kpZ2tL2MutZLhN8NFdyQR,https://api.spotify.com/v1/audio-analysis/4kpZ2tL2MutZLhN8NFdyQR,3,12,9,2006,8.606216666666667,Classical
"Symphony No. 3 in E-Flat Major, Op. 55 ""Eroica"": IV. Finale. Allegro molto",Ludwig van Beethoven,Beethoven: Symphonies Nos. 1-9,2006-09-12,2,0.343,0.0819,3,-20.561,1,0.0432,0.934,0.543,0.326,0.286,129.234,audio_features,7KsSuHYl03eNZ70Bd49UGp,spotify:track:7KsSuHYl03eNZ70Bd49UGp,https://api.spotify.com/v1/tracks/7KsSuHYl03eNZ70Bd49UGp,https://api.spotify.com/v1/audio-analysis/7KsSuHYl03eNZ70Bd49UGp,4,12,9,2006,11.110883333333334,Classical
"Beethoven: Symphony No. 6 in F Major, Op. 68 'Pastoral': I. Erwachen heiterer Empfindungen bei der Ankunft auf dem Lande. Allegro ma non troppo",Ludwig van Beethoven,Beethoven: Symphonies Nos. 1-9,2020-11-20,2,0.273,0.0779,0,-22.081,1,0.0372,0.918,0.553,0.0794,0.13,134.679,audio_features,505qu7Q6kbWGlxtrTfxkRS,spotify:track:505qu7Q6kbWGlxtrTfxkRS,https://api.spotify.com/v1/tracks/505qu7Q6kbWGlxtrTfxkRS,https://api.spotify.com/v1/audio-analysis/505qu7Q6kbWGlxtrTfxkRS,4,20,11,2020,10.21685,Classical
"Symphony No. 3 in E-Flat Major, Op. 55 ""Eroica"": III. Scherzo. Allegro vivace",Ludwig van Beethoven,Beethoven: Symphonies Nos. 1-9,2006-09-12,2,0.435,0.118,3,-23.707,1,0.0663,0.943,0.378,0.0536,0.324,116.048,audio_features,5zDs1WiHSYwdYlOgXl5bIX,spotify:track:5zDs1WiHSYwdYlOgXl5bIX,https://api.spotify.com/v1/tracks/5zDs1WiHSYwdYlOgXl5bIX,https://api.spotify.com/v1/audio-analysis/5zDs1WiHSYwdYlOgXl5bIX,4,12,9,2006,5.906883333333333,Classical
"Symphony No. 8 in F major, Op. 93: IV. Allegro vivace",Ludwig van Beethoven,Beethoven: Symphonies Nos. 1-9,2006-09-12,2,0.39,0.159,5,-20.529,1,0.0441,0.955,0.658,0.106,0.253,143.597,audio_features,77wn8NjRmVHkrQs1y74QJV,spotify:track:77wn8NjRmVHkrQs1y74QJV,https://api.spotify.com/v1/tracks/77wn8NjRmVHkrQs1y74QJV,https://api.spotify.com/v1/audio-analysis/77wn8NjRmVHkrQs1y74QJV,4,12,9,2006,7.374716666666667,Classical
"Symphony No. 5 in C Minor, Op. 67: III. Scherzo. Allegro",Ludwig van Beethoven,Beethoven: Symphonies Nos. 1-9,2006-09-12,2,0.375,0.0331,0,-23.926,0,0.0471,0.894,0.359,0.394,0.275,120.612,audio_features,5MP3wP37NuUsOOwEizYcC3,spotify:track:5MP3wP37NuUsOOwEizYcC3,https://api.spotify.com/v1/tracks/5MP3wP37NuUsOOwEizYcC3,https://api.spotify.com/v1/audio-analysis/5MP3wP37NuUsOOwEizYcC3,3,12,9,2006,4.898,Classical
"Beethoven: Symphony No. 9 in D Minor, Op. 125 'Choral': IV. Presto - Allegro assai",Ludwig van Beethoven,Beethoven: Symphonies Nos. 1-9,2020-11-20,2,0.188,0.224,2,-18.992,1,0.0431,0.954,0.585,0.731,0.0851,86.051,audio_features,0RHxDOVt345gl5K7yNTmBh,spotify:track:0RHxDOVt345gl5K7yNTmBh,https://api.spotify.com/v1/tracks/0RHxDOVt345gl5K7yNTmBh,https://api.spotify.com/v1/audio-analysis/0RHxDOVt345gl5K7yNTmBh,4,20,11,2020,24.051316666666665,Classical
"Symphony No. 6 in F Major, Op. 68 ""Pastoral"": V. Hirtengesang - Frohe und dankbare Gefühle nach dem Sturm. Allegretto",Ludwig van Beethoven,Beethoven: Symphonies Nos. 1-9,2006-09-12,1,0.123,0.0378,5,-20.391,1,0.0404,0.963,0.915,0.117,0.0986,175.025,audio_features,36omjaTnGE65lh7ziiQVk3,spotify:track:36omjaTnGE65lh7ziiQVk3,https://api.spotify.com/v1/tracks/36omjaTnGE65lh7ziiQVk3,https://api.spotify.com/v1/audio-analysis/36omjaTnGE65lh7ziiQVk3,3,12,9,2006,9.61555,Classical
"Beethoven: Symphony No. 6 in F Major, Op. 68 'Pastoral': III. Lustiges Zusammensein der Landleute. Allegro",Ludwig van Beethoven,Beethoven: Symphonies Nos. 1-9,2020-11-20,1,0.304,0.1,5,-21.54,1,0.0432,0.962,0.75,0.178,0.246,153.159,audio_features,62LThjvYuTh7oQomE0Ij2U,spotify:track:62LThjvYuTh7oQomE0Ij2U,https://api.spotify.com/v1/tracks/62LThjvYuTh7oQomE0Ij2U,https://api.spotify.com/v1/audio-analysis/62LThjvYuTh7oQomE0Ij2U,1,20,11,2020,5.099483333333334,Classical
"Beethoven: Symphony No. 4 in B-Flat Major, Op. 60: II. Adagio",Ludwig van Beethoven,Beethoven: Symphonies Nos. 1-9,2020-11-20,1,0.117,0.0297,3,-24.512,1,0.041,0.957,0.545,0.0651,0.0933,65.475,audio_features,4wMyDWD65ToM9lMuInL19s,spotify:track:4wMyDWD65ToM9lMuInL19s,https://api.spotify.com/v1/tracks/4wMyDWD65ToM9lMuInL19s,https://api.spotify.com/v1/audio-analysis/4wMyDWD65ToM9lMuInL19s,4,20,11,2020,9.503,Classical
"Piano Concerto No. 23 in A Major, K. 488: 2. Adagio",Wolfgang Amadeus Mozart,The Very Best of Mozart,2011-06-24,1,0.221,0.0499,6,-20.779,0,0.0358,0.987,0.926,0.118,0.0397,86.979,audio_features,4mfwpBbab2z8D60ltYGDjp,spotify:track:4mfwpBbab2z8D60ltYGDjp,https://api.spotify.com/v1/tracks/4mfwpBbab2z8D60ltYGDjp,https://api.spotify.com/v1/audio-analysis/4mfwpBbab2z8D60ltYGDjp,3,24,6,2011,7.634216666666667,Classical
"Beethoven: Symphony No. 4 in B-Flat Major, Op. 60: I. Adagio - Allegro vivace",Ludwig van Beethoven,Beethoven: Symphonies Nos. 1-9,2020-11-20,1,0.214,0.0932,5,-20.737,1,0.0411,0.887,0.331,0.0897,0.157,74.071,audio_features,2zFTPudhB7sZYUtRhEMXlI,spotify:track:2zFTPudhB7sZYUtRhEMXlI,https://api.spotify.com/v1/tracks/2zFTPudhB7sZYUtRhEMXlI,https://api.spotify.com/v1/audio-analysis/2zFTPudhB7sZYUtRhEMXlI,4,20,11,2020,11.313033333333333,Classical
"Beethoven: Symphony No. 2 in D Major, Op. 36: I. Adagio molto - allegro con brio",Ludwig van Beethoven,Beethoven: Symphonies Nos. 1-9,2020-11-20,1,0.224,0.139,2,-18.931,1,0.0337,0.954,0.884,0.212,0.162,84.361,audio_features,1x7g6Gz5rzNMqH6NQLKIRV,spotify:track:1x7g6Gz5rzNMqH6NQLKIRV,https://api.spotify.com/v1/tracks/1x7g6Gz5rzNMqH6NQLKIRV,https://api.spotify.com/v1/audio-analysis/1x7g6Gz5rzNMqH6NQLKIRV,4,20,11,2020,13.07985,Classical
"Beethoven: Symphony No. 4 in B-Flat Major, Op. 60: III. Allegro vivace",Ludwig van Beethoven,Beethoven: Symphonies Nos. 1-9,2020-11-20,1,0.212,0.0502,10,-22.058,1,0.0434,0.972,0.831,0.249,0.108,75.147,audio_features,6qN0yUND5QrI6jgxqmKT3x,spotify:track:6qN0yUND5QrI6jgxqmKT3x,https://api.spotify.com/v1/tracks/6qN0yUND5QrI6jgxqmKT3x,https://api.spotify.com/v1/audio-analysis/6qN0yUND5QrI6jgxqmKT3x,3,20,11,2020,5.508466666666667,Classical
"Symphony No. 6 in F Major, Op. 68 ""Pastoral"": I. Awakening of Cheerful Feelings Upon Arrival in the Country",Ludwig van Beethoven,Beethoven: Symphonies Nos. 1-9,2016-08-05,1,0.228,0.0413,5,-21.281,1,0.0329,0.855,0.751,0.135,0.131,94.425,audio_features,4wO2N6vvs3qm026qHNecy2,spotify:track:4wO2N6vvs3qm026qHNecy2,https://api.spotify.com/v1/tracks/4wO2N6vvs3qm026qHNecy2,https://api.spotify.com/v1/audio-analysis/4wO2N6vvs3qm026qHNecy2,4,5,8,2016,11.20755,Classical
"Symphony No. 9 in D Minor, Op. 125 ""Choral"": II. Scherzo & Trio. Molto vivace",Ludwig van Beethoven,Beethoven: Symphonies Nos. 1-9,2006-09-12,1,0.402,0.124,2,-24.211,0,0.0527,0.952,0.706,0.0576,0.299,113.936,audio_features,7EihmS0DB01pt0UO3CMik2,spotify:track:7EihmS0DB01pt0UO3CMik2,https://api.spotify.com/v1/tracks/7EihmS0DB01pt0UO3CMik2,https://api.spotify.com/v1/audio-analysis/7EihmS0DB01pt0UO3CMik2,4,12,9,2006,13.838,Classical
"Serenade in G Major, K. 525 ""Eine kleine Nachtmusik"": 1. Allegro",Wolfgang Amadeus Mozart,The Very Best of Mozart,2011-06-24,1,0.429,0.12,2,-13.681,1,0.0456,0.975,0.81,0.0857,0.364,78.059,audio_features,7B8wVPksF5p8v5k8rh24Da,spotify:track:7B8wVPksF5p8v5k8rh24Da,https://api.spotify.com/v1/tracks/7B8wVPksF5p8v5k8rh24Da,https://api.spotify.com/v1/audio-analysis/7B8wVPksF5p8v5k8rh24Da,4,24,6,2011,5.167116666666667,Classical
"Beethoven: Symphony No. 6 in F Major, Op. 68 'Pastoral': IV. Gewitter, Sturm. Allegro",Ludwig van Beethoven,Beethoven: Symphonies Nos. 1-9,2020-11-20,1,0.195,0.125,10,-21.65,0,0.0494,0.847,0.728,0.167,0.109,92.077,audio_features,27NXqi3dKBsoVCnWT0XClb,spotify:track:27NXqi3dKBsoVCnWT0XClb,https://api.spotify.com/v1/tracks/27NXqi3dKBsoVCnWT0XClb,https://api.spotify.com/v1/audio-analysis/27NXqi3dKBsoVCnWT0XClb,4,20,11,2020,3.440183333333333,Classical
"Symphony No. 4 in B-Flat Major, Op. 60: I. Adagio – Allegro vivace",Ludwig van Beethoven,Beethoven: Symphonies Nos. 1-9,2007-09-01,1,0.306,0.0897,5,-18.063,1,0.0392,0.96,0.479,0.125,0.147,71.296,audio_features,2ZI51NTKZM9TYZQuiyd3cQ,spotify:track:2ZI51NTKZM9TYZQuiyd3cQ,https://api.spotify.com/v1/tracks/2ZI51NTKZM9TYZQuiyd3cQ,https://api.spotify.com/v1/audio-analysis/2ZI51NTKZM9TYZQuiyd3cQ,4,1,9,2007,11.057783333333333,Classical
"Beethoven: Symphony No. 6 in F Major, Op. 68 'Pastoral': V. Hirtengesang. Frohe und dankbare Gefühle nach dem Sturm. Allegretto",Ludwig van Beethoven,Beethoven: Symphonies Nos. 1-9,2020-11-20,1,0.203,0.0836,5,-20.985,1,0.0352,0.965,0.873,0.649,0.0719,92.216,audio_features,5SI0hbS6mjIc7AnW9ycRq7,spotify:track:5SI0hbS6mjIc7AnW9ycRq7,https://api.spotify.com/v1/tracks/5SI0hbS6mjIc7AnW9ycRq7,https://api.spotify.com/v1/audio-analysis/5SI0hbS6mjIc7AnW9ycRq7,3,20,11,2020,9.54105,Classical
"Symphony No. 6 in F Major, Op. 68 ""Pastoral"": III. Lustiges Zusammensein der Landleute. Allegro",Ludwig van Beethoven,Beethoven: Symphonies Nos. 1-9,2006-09-12,1,0.35,0.0479,5,-23.225,1,0.0544,0.971,0.168,0.199,0.411,147.412,audio_features,6kjLxSRAFRmPxm1jCNNBV8,spotify:track:6kjLxSRAFRmPxm1jCNNBV8,https://api.spotify.com/v1/tracks/6kjLxSRAFRmPxm1jCNNBV8,https://api.spotify.com/v1/audio-analysis/6kjLxSRAFRmPxm1jCNNBV8,4,12,9,2006,4.982216666666667,Classical
"Beethoven: Symphony No. 2 in D Major, Op. 36: III. Scherzo. Allegro",Ludwig van Beethoven,Beethoven: Symphonies Nos. 1-9,2020-11-20,1,0.316,0.0852,2,-23.079,1,0.0474,0.952,0.441,0.224,0.527,158.016,audio_features,2pWA9AJznwAitpoU9INxWS,spotify:track:2pWA9AJznwAitpoU9INxWS,https://api.spotify.com/v1/tracks/2pWA9AJznwAitpoU9INxWS,https://api.spotify.com/v1/audio-analysis/2pWA9AJznwAitpoU9INxWS,3,20,11,2020,3.37335,Classical
"Symphony No. 2 in D Major, Op. 36: I. Adagio molto - Allegro con brio",Ludwig van Beethoven,Beethoven: Symphonies Nos. 1-9,2006-09-12,1,0.357,0.0557,2,-22.669,1,0.035,0.953,0.733,0.0672,0.172,86.147,audio_features,2SE0Y34jNYpsKU21UYQ71N,spotify:track:2SE0Y34jNYpsKU21UYQ71N,https://api.spotify.com/v1/tracks/2SE0Y34jNYpsKU21UYQ71N,https://api.spotify.com/v1/audio-analysis/2SE0Y34jNYpsKU21UYQ71N,4,12,9,2006,13.094216666666666,Classical
"Symphony No. 7 in A Major, Op. 92: III. Presto",Ludwig van Beethoven,Beethoven: Symphonies Nos. 1-9,2006-09-12,1,0.318,0.0773,2,-24.071,1,0.0538,0.936,0.617,0.154,0.203,99.05,audio_features,1edU9Sc8zCedvUYD0Zu9XG,spotify:track:1edU9Sc8zCedvUYD0Zu9XG,https://api.spotify.com/v1/tracks/1edU9Sc8zCedvUYD0Zu9XG,https://api.spotify.com/v1/audio-analysis/1edU9Sc8zCedvUYD0Zu9XG,4,12,9,2006,9.088216666666666,Classical
"Beethoven: Symphony No. 2 in D Major, Op. 36: IV. Allegro molto",Ludwig van Beethoven,Beethoven: Symphonies Nos. 1-9,2020-11-20,1,0.329,0.187,2,-18.672,1,0.0483,0.944,0.715,0.749,0.214,77.48,audio_features,3HqkDMLgSHpkeH7Tw8C7UZ,spotify:track:3HqkDMLgSHpkeH7Tw8C7UZ,https://api.spotify.com/v1/tracks/3HqkDMLgSHpkeH7Tw8C7UZ,https://api.spotify.com/v1/audio-analysis/3HqkDMLgSHpkeH7Tw8C7UZ,4,20,11,2020,6.414883333333333,Classical
"Symphony No. 2 in D Major, Op. 36: II. Larghetto",Ludwig van Beethoven,Beethoven: Symphonies Nos. 1-9,2006-09-12,1,0.288,0.00384,9,-28.901,1,0.0351,0.969,0.0647,0.091,0.1,77.737,audio_features,0nYJaF27QQgbR2gSIHBsgE,spotify:track:0nYJaF27QQgbR2gSIHBsgE,https://api.spotify.com/v1/tracks/0nYJaF27QQgbR2gSIHBsgE,https://api.spotify.com/v1/audio-analysis/0nYJaF27QQgbR2gSIHBsgE,3,12,9,2006,10.72045,Classical
"Beethoven: Symphony No. 8 in F Major, Op. 93: IV. Allegro vivace",Ludwig van Beethoven,Beethoven: Symphonies Nos. 1-9,2020-11-20,1,0.36,0.245,5,-19.67,1,0.0513,0.972,0.782,0.675,0.191,143.291,audio_features,4a6Nt9BDLvkUPJlkQiJZC8,spotify:track:4a6Nt9BDLvkUPJlkQiJZC8,https://api.spotify.com/v1/tracks/4a6Nt9BDLvkUPJlkQiJZC8,https://api.spotify.com/v1/audio-analysis/4a6Nt9BDLvkUPJlkQiJZC8,4,20,11,2020,7.63665,Classical
"Symphony No. 7 in A Major, Op. 92: IV. Allegro con brio",Ludwig van Beethoven,Beethoven: Symphonies Nos. 1-9,2006-09-12,1,0.434,0.236,9,-19.766,1,0.0421,0.849,0.874,0.0786,0.396,77.018,audio_features,3SRNvhKxxcK3UNiCKU6FrQ,spotify:track:3SRNvhKxxcK3UNiCKU6FrQ,https://api.spotify.com/v1/tracks/3SRNvhKxxcK3UNiCKU6FrQ,https://api.spotify.com/v1/audio-analysis/3SRNvhKxxcK3UNiCKU6FrQ,4,12,9,2006,8.505783333333333,Classical
"Symphony No. 9 in D Minor, Op. 125 ""Choral"": IV. Finale: Presto - Allegro assai",Ludwig van Beethoven,Beethoven: Symphonies Nos. 1-9,2016-08-05,1,0.197,0.243,7,-18.217,1,0.0667,0.965,0.365,0.676,0.0534,82.298,audio_features,7s2mav3DFhF15p3aAmuhC8,spotify:track:7s2mav3DFhF15p3aAmuhC8,https://api.spotify.com/v1/tracks/7s2mav3DFhF15p3aAmuhC8,https://api.spotify.com/v1/audio-analysis/7s2mav3DFhF15p3aAmuhC8,4,5,8,2016,25.256666666666668,Classical
"Leonore Overture No. 2, Op. 72a",Ludwig van Beethoven,Beethoven: Symphonies Nos. 1-9,2006-09-12,1,0.296,0.0387,0,-21.572,1,0.0446,0.941,0.635,0.109,0.0745,115.568,audio_features,63kfb0cYm5Pk6OPFzqRb23,spotify:track:63kfb0cYm5Pk6OPFzqRb23,https://api.spotify.com/v1/tracks/63kfb0cYm5Pk6OPFzqRb23,https://api.spotify.com/v1/audio-analysis/63kfb0cYm5Pk6OPFzqRb23,4,12,9,2006,15.0094,Classical
"Beethoven: Symphony No. 2 in D Major, Op. 36: II. Larghetto",Ludwig van Beethoven,Beethoven: Symphonies Nos. 1-9,2020-11-20,1,0.228,0.0161,9,-24.319,1,0.0384,0.98,0.665,0.11,0.0785,74.067,audio_features,0pof6aJWAkIACadpYFH2BF,spotify:track:0pof6aJWAkIACadpYFH2BF,https://api.spotify.com/v1/tracks/0pof6aJWAkIACadpYFH2BF,https://api.spotify.com/v1/audio-analysis/0pof6aJWAkIACadpYFH2BF,3,20,11,2020,11.86685,Classical
"Symphony No. 9 in D Minor, Op. 125 ""Choral Symphony"": II. Scherzo. Molto vivace – Presto",Ludwig van Beethoven,Beethoven: Symphonies Nos. 1-9,2007-09-01,1,0.245,0.23,10,-14.703,1,0.0428,0.963,0.918,0.342,0.143,83.378,audio_features,2kMLR0YSEswY5mFAt64aJ8,spotify:track:2kMLR0YSEswY5mFAt64aJ8,https://api.spotify.com/v1/tracks/2kMLR0YSEswY5mFAt64aJ8,https://api.spotify.com/v1/audio-analysis/2kMLR0YSEswY5mFAt64aJ8,4,1,9,2007,14.245333333333333,Classical
"Beethoven: Symphony No. 9 in D Minor, Op. 125 'Choral': III. Adagio molto e cantabile",Ludwig van Beethoven,Beethoven: Symphonies Nos. 1-9,2020-11-20,1,0.16,0.0269,10,-30.224,1,0.0437,0.965,0.911,0.119,0.0638,133.509,audio_features,1dKPxvQxSNroUy6flCzwV5,spotify:track:1dKPxvQxSNroUy6flCzwV5,https://api.spotify.com/v1/tracks/1dKPxvQxSNroUy6flCzwV5,https://api.spotify.com/v1/audio-analysis/1dKPxvQxSNroUy6flCzwV5,4,20,11,2020,14.783916666666666,Classical
"Symphony No. 6 in F Major, Op. 68 ""Pastoral"": IV. Gewitter, Sturm. Allegro",Ludwig van Beethoven,Beethoven: Symphonies Nos. 1-9,2006-09-12,1,0.253,0.154,5,-21.896,0,0.0469,0.797,0.328,0.139,0.0797,92.911,audio_features,1eM9Tv1Zox2fggI3lQGRsX,spotify:track:1eM9Tv1Zox2fggI3lQGRsX,https://api.spotify.com/v1/tracks/1eM9Tv1Zox2fggI3lQGRsX,https://api.spotify.com/v1/audio-analysis/1eM9Tv1Zox2fggI3lQGRsX,4,12,9,2006,3.530883333333333,Classical
"Symphony No. 40 in G Minor, K. 550: 1. Molto allegro - Live from Perth Concert Hall, Perth, 1998",Wolfgang Amadeus Mozart,The Very Best of Mozart,2011-06-24,0,0.336,0.429,7,-10.997,0,0.0414,0.926,0.914,0.0906,0.18,110.927,audio_features,0GfBs3QYdxoi5kUDcoN2OK,spotify:track:0GfBs3QYdxoi5kUDcoN2OK,https://api.spotify.com/v1/tracks/0GfBs3QYdxoi5kUDcoN2OK,https://api.spotify.com/v1/audio-analysis/0GfBs3QYdxoi5kUDcoN2OK,4,24,6,2011,7.534883333333333,Classical
"String Quartet No. 3 in G Major, K. 156: 1. Presto",Wolfgang Amadeus Mozart,The Very Best of Mozart,2011-06-24,0,0.443,0.106,2,-17.184,1,0.0551,0.956,0.41,0.0892,0.688,82.776,audio_features,3oHdGV48YjGFcyqCPiYtyp,spotify:track:3oHdGV48YjGFcyqCPiYtyp,https://api.spotify.com/v1/tracks/3oHdGV48YjGFcyqCPiYtyp,https://api.spotify.com/v1/audio-analysis/3oHdGV48YjGFcyqCPiYtyp,4,24,6,2011,3.2077833333333334,Classical
"Serenade in B-Flat Major, K. 361 ""Gran partita"": 3. Adagio",Wolfgang Amadeus Mozart,The Very Best of Mozart,2011-06-24,0,0.114,0.153,3,-18.197,1,0.0347,0.982,0.904,0.105,0.104,76.543,audio_features,4GJx08vCgV62KmwooOMDF7,spotify:track:4GJx08vCgV62KmwooOMDF7,https://api.spotify.com/v1/tracks/4GJx08vCgV62KmwooOMDF7,https://api.spotify.com/v1/audio-analysis/4GJx08vCgV62KmwooOMDF7,4,24,6,2011,5.189333333333333,Classical
"Exsultate, jubilate, K. 165: 4. Alleluia",Wolfgang Amadeus Mozart,The Very Best of Mozart,2011-06-24,0,0.432,0.224,5,-13.257,1,0.039,0.973,0.00082,0.0861,0.385,130.88,audio_features,0dWOD2Uqrw4RXR29RkreLG,spotify:track:0dWOD2Uqrw4RXR29RkreLG,https://api.spotify.com/v1/tracks/0dWOD2Uqrw4RXR29RkreLG,https://api.spotify.com/v1/audio-analysis/0dWOD2Uqrw4RXR29RkreLG,4,24,6,2011,2.56445,Classical
"Le nozze di Figaro, K. 492, Act 2: ""Voi che sapete""",Wolfgang Amadeus Mozart,The Very Best of Mozart,2011-06-24,0,0.342,0.16,10,-15.214,1,0.0486,0.98,0.000802,0.148,0.129,109.579,audio_features,7EwSIvMLoRaYx2CJUyz6x1,spotify:track:7EwSIvMLoRaYx2CJUyz6x1,https://api.spotify.com/v1/tracks/7EwSIvMLoRaYx2CJUyz6x1,https://api.spotify.com/v1/audio-analysis/7EwSIvMLoRaYx2CJUyz6x1,4,24,6,2011,3.0397833333333333,Classical
"Die Zauberflöte, K. 620, Act 2: ""Der Hölle Rache"" - Live At City Recital Hall, Sydney, 2001",Wolfgang Amadeus Mozart,The Very Best of Mozart,2011-06-24,0,0.492,0.269,2,-13.281,0,0.0719,0.952,0.000562,0.0964,0.278,145.469,audio_features,4nVdyBDhXoLXh3biWoOL9A,spotify:track:4nVdyBDhXoLXh3biWoOL9A,https://api.spotify.com/v1/tracks/4nVdyBDhXoLXh3biWoOL9A,https://api.spotify.com/v1/audio-analysis/4nVdyBDhXoLXh3biWoOL9A,4,24,6,2011,3.0002166666666668,Classical
"Quintet for Piano, Oboe, Clarinet, Horn and Bassoon in E-Flat Major, K. 452: 3. Rondo (Allegretto)",Wolfgang Amadeus Mozart,The Very Best of Mozart,2011-06-24,0,0.43,0.131,3,-20.238,1,0.0351,0.995,0.875,0.124,0.313,80.127,audio_features,5xhyKNTqFvHsfd2CTXv4kU,spotify:track:5xhyKNTqFvHsfd2CTXv4kU,https://api.spotify.com/v1/tracks/5xhyKNTqFvHsfd2CTXv4kU,https://api.spotify.com/v1/audio-analysis/5xhyKNTqFvHsfd2CTXv4kU,4,24,6,2011,6.22445,Classical
"Ave verum corpus, K. 618 - Live from Sydney Opera House Concert Hall, Sydney, 1999",Wolfgang Amadeus Mozart,The Very Best of Mozart,2011-06-24,0,0.151,0.124,2,-20.442,1,0.0472,0.974,0.97,0.104,0.035,63.737,audio_features,3GTcr7BQ1FfonHcpgn3z26,spotify:track:3GTcr7BQ1FfonHcpgn3z26,https://api.spotify.com/v1/tracks/3GTcr7BQ1FfonHcpgn3z26,https://api.spotify.com/v1/audio-analysis/3GTcr7BQ1FfonHcpgn3z26,4,24,6,2011,3.413116666666667,Classical
"Horn Concerto No. 4 in E-Flat Major, K. 495: 3. Rondo. Allegro vivace",Wolfgang Amadeus Mozart,The Very Best of Mozart,2011-06-24,0,0.463,0.226,3,-17.71,1,0.047,0.993,0.917,0.114,0.485,60.173,audio_features,5nL8Kg1WIScXoCfPPNbmoL,spotify:track:5nL8Kg1WIScXoCfPPNbmoL,https://api.spotify.com/v1/tracks/5nL8Kg1WIScXoCfPPNbmoL,https://api.spotify.com/v1/audio-analysis/5nL8Kg1WIScXoCfPPNbmoL,4,24,6,2011,3.78845,Classical
"Piano Concerto No. 21 in C Major, K. 467 ""Elvira Madigan"": 2. Andante (Live) [Live At Seymour Centre York Theatre, Sydney, 2000]",Wolfgang Amadeus Mozart,The Very Best of Mozart,2011-06-24,0,0.143,0.0539,5,-23.275,1,0.0407,0.981,0.855,0.0979,0.0544,56.3,audio_features,18SgZKZ8TrPqEpQ990nkfj,spotify:track:18SgZKZ8TrPqEpQ990nkfj,https://api.spotify.com/v1/tracks/18SgZKZ8TrPqEpQ990nkfj,https://api.spotify.com/v1/audio-analysis/18SgZKZ8TrPqEpQ990nkfj,4,24,6,2011,6.980883333333334,Classical
"Così fan tutte, K. 588, Act 1: ""Soave sia il vento""",Wolfgang Amadeus Mozart,The Very Best of Mozart,2011-06-24,0,0.119,0.258,4,-16.228,1,0.0425,0.992,0.0605,0.105,0.0509,58.958,audio_features,5FSYqAzTsX16WlcHwXOOnG,spotify:track:5FSYqAzTsX16WlcHwXOOnG,https://api.spotify.com/v1/tracks/5FSYqAzTsX16WlcHwXOOnG,https://api.spotify.com/v1/audio-analysis/5FSYqAzTsX16WlcHwXOOnG,4,24,6,2011,2.7517833333333335,Classical
"Don Giovanni, K. 527, Act 1: ""Madamina, il catalogo è questo""",Wolfgang Amadeus Mozart,The Very Best of Mozart,2011-06-24,0,0.301,0.18,2,-16.001,1,0.0473,0.97,0.299,0.0692,0.202,76.154,audio_features,4w6eSSLP8bmjjkZorKqbHr,spotify:track:4w6eSSLP8bmjjkZorKqbHr,https://api.spotify.com/v1/tracks/4w6eSSLP8bmjjkZorKqbHr,https://api.spotify.com/v1/audio-analysis/4w6eSSLP8bmjjkZorKqbHr,3,24,6,2011,6.060416666666667,Classical
"Requiem in D Minor, K. 626: 3f. Lacrimosa",Wolfgang Amadeus Mozart,The Very Best of Mozart,2011-06-24,0,0.201,0.146,2,-16.937,0,0.037,0.983,0.887,0.123,0.0371,126.627,audio_features,5JJt2HOjqnKLYodYjgRVoM,spotify:track:5JJt2HOjqnKLYodYjgRVoM,https://api.spotify.com/v1/tracks/5JJt2HOjqnKLYodYjgRVoM,https://api.spotify.com/v1/audio-analysis/5JJt2HOjqnKLYodYjgRVoM,3,24,6,2011,3.231116666666667,Classical
"Concerto for Flute, Harp and Orchestra in C Major, K. 299: 2. Andantino",Wolfgang Amadeus Mozart,The Very Best of Mozart,2011-06-24,0,0.348,0.0816,5,-21.284,1,0.0419,0.982,0.861,0.105,0.188,101.3,audio_features,1DDX3ZZmxBRCzd1YoqjddB,spotify:track:1DDX3ZZmxBRCzd1YoqjddB,https://api.spotify.com/v1/tracks/1DDX3ZZmxBRCzd1YoqjddB,https://api.spotify.com/v1/audio-analysis/1DDX3ZZmxBRCzd1YoqjddB,4,24,6,2011,9.292666666666667,Classical
"Vesperae solennes de confessore, K. 339: 5. Laudate Dominum",Wolfgang Amadeus Mozart,The Very Best of Mozart,2011-06-24,0,0.109,0.12,5,-20.409,1,0.0425,0.945,0.945,0.0984,0.0469,179.723,audio_features,0wSRAq46fj9IeLPvoyBQaP,spotify:track:0wSRAq46fj9IeLPvoyBQaP,https://api.spotify.com/v1/tracks/0wSRAq46fj9IeLPvoyBQaP,https://api.spotify.com/v1/audio-analysis/0wSRAq46fj9IeLPvoyBQaP,5,24,6,2011,4.29755,Classical
"Symphony No. 35 in D Major, K. 385 ""Haffner"": 1. Allegro con spirito - Live from Robert Blackwood Hall, Monash University, Melbourne, 2004",Wolfgang Amadeus Mozart,The Very Best of Mozart,2011-06-24,0,0.313,0.206,2,-14.78,1,0.0352,0.979,0.878,0.0739,0.157,71.866,audio_features,2amOUyUMiUzujC5sYt1skO,spotify:track:2amOUyUMiUzujC5sYt1skO,https://api.spotify.com/v1/tracks/2amOUyUMiUzujC5sYt1skO,https://api.spotify.com/v1/audio-analysis/2amOUyUMiUzujC5sYt1skO,4,24,6,2011,5.76355,Classical
"Symphony No. 41 in C Major, K. 551 ""Jupiter"": 4. Molto allegro - Live from Concert Hall of the Sydney Opera House, Sydney, 1991",Wolfgang Amadeus Mozart,The Very Best of Mozart,2011-06-24,0,0.38,0.38,0,-11.808,1,0.0343,0.954,0.9,0.0377,0.316,134.715,audio_features,0oSWX2FTIk2BvwSwTYUyBM,spotify:track:0oSWX2FTIk2BvwSwTYUyBM,https://api.spotify.com/v1/tracks/0oSWX2FTIk2BvwSwTYUyBM,https://api.spotify.com/v1/audio-analysis/0oSWX2FTIk2BvwSwTYUyBM,4,24,6,2011,6.506666666666667,Classical
"Piano Sonata No. 11 in A Major, K. 331: 3. Alla Turca. Rondo",Wolfgang Amadeus Mozart,The Very Best of Mozart,2011-06-24,0,0.489,0.219,9,-19.132,1,0.0395,0.987,0.838,0.0818,0.591,121.767,audio_features,4nzhblfJloKB8PzuTB6gvt,spotify:track:4nzhblfJloKB8PzuTB6gvt,https://api.spotify.com/v1/tracks/4nzhblfJloKB8PzuTB6gvt,https://api.spotify.com/v1/audio-analysis/4nzhblfJloKB8PzuTB6gvt,4,24,6,2011,3.867783333333333,Classical
"Symphony No. 1 in C Major, Op. 21: III. Minuet. Allegro molto e vivace",Ludwig van Beethoven,Beethoven: Symphonies Nos. 1-9,2022-01-07,0,0.305,0.267,0,-16.144,1,0.0842,0.968,0.881,0.332,0.412,177.973,audio_features,6vyILdA8GWmwfLOgReaFNC,spotify:track:6vyILdA8GWmwfLOgReaFNC,https://api.spotify.com/v1/tracks/6vyILdA8GWmwfLOgReaFNC,https://api.spotify.com/v1/audio-analysis/6vyILdA8GWmwfLOgReaFNC,4,7,1,2022,3.4375166666666668,Classical
"Symphony No. 6 in F Major, Op. 68 ""Pastoral"": V. Shepherd's Song: Happy and Thankful Feelings after the Storm",Ludwig van Beethoven,Beethoven: Symphonies Nos. 1-9,2016-08-05,0,0.191,0.055,5,-20.943,1,0.0384,0.913,0.825,0.102,0.0541,71.946,audio_features,3vZtvTsYwfB0ZiolcyDiWl,spotify:track:3vZtvTsYwfB0ZiolcyDiWl,https://api.spotify.com/v1/tracks/3vZtvTsYwfB0ZiolcyDiWl,https://api.spotify.com/v1/audio-analysis/3vZtvTsYwfB0ZiolcyDiWl,3,5,8,2016,11.613116666666667,Classical
"Triple Concerto in C Major for Piano, Violin, and Cello, Op. 56: II. Largo",Ludwig van Beethoven,Beethoven: Symphonies Nos. 1-9,2006-09-12,0,0.176,0.00991,8,-35.199,1,0.0472,0.908,0.227,0.109,0.0383,117.266,audio_features,0YwIHW3DFSCemWjKgNHRL3,spotify:track:0YwIHW3DFSCemWjKgNHRL3,https://api.spotify.com/v1/tracks/0YwIHW3DFSCemWjKgNHRL3,https://api.spotify.com/v1/audio-analysis/0YwIHW3DFSCemWjKgNHRL3,4,12,9,2006,5.019116666666666,Classical
"Clarinet Concerto in A Major, K. 622: 2. Adagio",Wolfgang Amadeus Mozart,The Very Best of Mozart,2011-06-24,0,0.124,0.0677,2,-21.783,1,0.0391,0.981,0.631,0.0975,0.103,82.798,audio_features,2vCvNsvYcT0Kh01deDN7q0,spotify:track:2vCvNsvYcT0Kh01deDN7q0,https://api.spotify.com/v1/tracks/2vCvNsvYcT0Kh01deDN7q0,https://api.spotify.com/v1/audio-analysis/2vCvNsvYcT0Kh01deDN7q0,4,24,6,2011,7.54045,Classical
"Horn Concerto No. 3 in E-Flat Major, K. 447: 1. Allegro",Wolfgang Amadeus Mozart,The Very Best of Mozart,2011-06-24,0,0.395,0.091,3,-20.03,1,0.0412,0.988,0.784,0.288,0.304,118.815,audio_features,3O0dnQCNdUI9L3n9JgAnRO,spotify:track:3O0dnQCNdUI9L3n9JgAnRO,https://api.spotify.com/v1/tracks/3O0dnQCNdUI9L3n9JgAnRO,https://api.spotify.com/v1/audio-analysis/3O0dnQCNdUI9L3n9JgAnRO,4,24,6,2011,6.835116666666667,Classical
"Don Giovanni, K. 527, Act 1: ""Là ci darem la mano""",Wolfgang Amadeus Mozart,The Very Best of Mozart,2011-06-24,0,0.248,0.29,9,-11.014,1,0.05,0.986,0.0027,0.324,0.386,73.826,audio_features,4LHF7crI1urKC5ODuVDOmN,spotify:track:4LHF7crI1urKC5ODuVDOmN,https://api.spotify.com/v1/tracks/4LHF7crI1urKC5ODuVDOmN,https://api.spotify.com/v1/audio-analysis/4LHF7crI1urKC5ODuVDOmN,4,24,6,2011,3.1851166666666666,Classical
"Symphony No. 9 in D Minor, Op. 125 ""Choral"": II. Molto vivace",Ludwig van Beethoven,Beethoven: Symphonies Nos. 1-9,2016-08-05,0,0.292,0.176,2,-24.594,0,0.0562,0.963,0.815,0.135,0.231,84.447,audio_features,3jLUN6UX5knjxANj0dWGqN,spotify:track:3jLUN6UX5knjxANj0dWGqN,https://api.spotify.com/v1/tracks/3jLUN6UX5knjxANj0dWGqN,https://api.spotify.com/v1/audio-analysis/3jLUN6UX5knjxANj0dWGqN,4,5,8,2016,13.6,Classical
"Symphony No. 6 in F Major, Op. 68 ""Pastoral"": V. Hirtengesang. Frohe und dankbare Gefühle nach dem Sturm. Allegretto",Ludwig van Beethoven,Beethoven: Symphonies Nos. 1-9,2022-01-07,0,0.239,0.16,5,-17.999,1,0.0398,0.968,0.852,0.142,0.25,132.745,audio_features,4kEi4OMULOFkoWS6F8Pf5i,spotify:track:4kEi4OMULOFkoWS6F8Pf5i,https://api.spotify.com/v1/tracks/4kEi4OMULOFkoWS6F8Pf5i,https://api.spotify.com/v1/audio-analysis/4kEi4OMULOFkoWS6F8Pf5i,4,7,1,2022,7.847833333333333,Classical
"Symphony No. 9 in D Minor, Op. 125 ""Choral"": IV. Finale. Presto",Ludwig van Beethoven,Beethoven: Symphonies Nos. 1-9,2022-01-07,0,0.271,0.309,5,-14.267,1,0.0541,0.956,0.403,0.154,0.104,95.922,audio_features,1NgoX1U5B2IKaKzMP5bzCR,spotify:track:1NgoX1U5B2IKaKzMP5bzCR,https://api.spotify.com/v1/tracks/1NgoX1U5B2IKaKzMP5bzCR,https://api.spotify.com/v1/audio-analysis/1NgoX1U5B2IKaKzMP5bzCR,4,7,1,2022,22.12845,Classical
"Symphony No. 6 in F Major, Op. 68 ""Pastoral"": II. Scene am Bach. Andante molto moto",Ludwig van Beethoven,Beethoven: Symphonies Nos. 1-9,2022-01-07,0,0.105,0.0851,5,-26.746,1,0.0419,0.962,0.88,0.0963,0.167,78.832,audio_features,6FADjLjE5TsYomE4NELthJ,spotify:track:6FADjLjE5TsYomE4NELthJ,https://api.spotify.com/v1/tracks/6FADjLjE5TsYomE4NELthJ,https://api.spotify.com/v1/audio-analysis/6FADjLjE5TsYomE4NELthJ,3,7,1,2022,11.019766666666667,Classical
"Symphony No. 8 in F Major, Op. 93: III. Tempo di menuetto",Ludwig van Beethoven,Beethoven: Symphonies Nos. 1-9,2016-08-05,0,0.102,0.0321,5,-24.467,1,0.0398,0.99,0.924,0.099,0.0748,71.206,audio_features,0qIH7NWTvhpkO66wDHCto5,spotify:track:0qIH7NWTvhpkO66wDHCto5,https://api.spotify.com/v1/tracks/0qIH7NWTvhpkO66wDHCto5,https://api.spotify.com/v1/audio-analysis/0qIH7NWTvhpkO66wDHCto5,3,5,8,2016,6.186,Classical
"Symphony No. 8 in F Major, Op. 93: I. Allegro vivace e con brio",Ludwig van Beethoven,Beethoven: Symphonies Nos. 1-9,2016-08-05,0,0.217,0.164,5,-20.617,1,0.0385,0.969,0.872,0.0843,0.157,154.032,audio_features,6Ilimjh3UuZoUW4fRmEzd0,spotify:track:6Ilimjh3UuZoUW4fRmEzd0,https://api.spotify.com/v1/tracks/6Ilimjh3UuZoUW4fRmEzd0,https://api.spotify.com/v1/audio-analysis/6Ilimjh3UuZoUW4fRmEzd0,3,5,8,2016,9.379333333333333,Classical
"Symphony No. 6 in F Major, Op. 68 ""Pastoral"": III. Merry Gathering of Country Folk -",Ludwig van Beethoven,Beethoven: Symphonies Nos. 1-9,2016-08-05,0,0.367,0.0746,5,-19.841,1,0.0394,0.947,0.716,0.105,0.379,125.103,audio_features,3zQsDkRAJGmxuiqZbQlr9l,spotify:track:3zQsDkRAJGmxuiqZbQlr9l,https://api.spotify.com/v1/tracks/3zQsDkRAJGmxuiqZbQlr9l,https://api.spotify.com/v1/audio-analysis/3zQsDkRAJGmxuiqZbQlr9l,4,5,8,2016,6.221783333333334,Classical
"Symphony No. 9 in D Minor, Op. 125 ""Choral"": II. Scherzo. Molto vivace",Ludwig van Beethoven,Beethoven: Symphonies Nos. 1-9,2022-01-07,0,0.341,0.342,2,-17.931,0,0.0769,0.947,0.813,0.19,0.315,82.556,audio_features,691UjgKZFLOgd3HeeBhV6W,spotify:track:691UjgKZFLOgd3HeeBhV6W,https://api.spotify.com/v1/tracks/691UjgKZFLOgd3HeeBhV6W,https://api.spotify.com/v1/audio-analysis/691UjgKZFLOgd3HeeBhV6W,4,7,1,2022,9.812933333333334,Classical
"Symphony No. 6 in F Major, Op. 68 ""Pastoral"": II. Scene by the Brook",Ludwig van Beethoven,Beethoven: Symphonies Nos. 1-9,2016-08-05,0,0.111,0.0391,10,-26.274,1,0.0404,0.933,0.889,0.0994,0.0999,84.414,audio_features,19J4SARI4eLDf7OvVRHkXW,spotify:track:19J4SARI4eLDf7OvVRHkXW,https://api.spotify.com/v1/tracks/19J4SARI4eLDf7OvVRHkXW,https://api.spotify.com/v1/audio-analysis/19J4SARI4eLDf7OvVRHkXW,4,5,8,2016,13.91245,Classical
"Die Zauberflöte, K. 620: Overture",Wolfgang Amadeus Mozart,The Very Best of Mozart,2011-06-24,0,0.263,0.175,3,-15.632,1,0.041,0.989,0.935,0.123,0.0896,147.886,audio_features,0xRYpyBdNcxNudmg16qnmF,spotify:track:0xRYpyBdNcxNudmg16qnmF,https://api.spotify.com/v1/tracks/0xRYpyBdNcxNudmg16qnmF,https://api.spotify.com/v1/audio-analysis/0xRYpyBdNcxNudmg16qnmF,4,24,6,2011,7.590883333333333,Classical
"Le nozze di Figaro, K. 492: Overture",Wolfgang Amadeus Mozart,The Very Best of Mozart,2011-06-24,0,0.285,0.215,2,-13.188,1,0.0381,0.966,0.923,0.116,0.254,139.131,audio_features,3OGOmEw8oS7rbsLoXroWzz,spotify:track:3OGOmEw8oS7rbsLoXroWzz,https://api.spotify.com/v1/tracks/3OGOmEw8oS7rbsLoXroWzz,https://api.spotify.com/v1/audio-analysis/3OGOmEw8oS7rbsLoXroWzz,4,24,6,2011,4.420216666666667,Classical
"Clarinet Quintet in A Major, K. 581: 2. Larghetto",Wolfgang Amadeus Mozart,The Very Best of Mozart,2011-06-24,0,0.102,0.0363,2,-20.923,1,0.0445,0.986,0.732,0.0837,0.0889,166.715,audio_features,4hjcYm3Eecwwfl4p4XRVRr,spotify:track:4hjcYm3Eecwwfl4p4XRVRr,https://api.spotify.com/v1/tracks/4hjcYm3Eecwwfl4p4XRVRr,https://api.spotify.com/v1/audio-analysis/4hjcYm3Eecwwfl4p4XRVRr,4,24,6,2011,6.792666666666666,Classical
